predicate,object,location,time,duration,more
calculate,cash,accounting,morning|noon|afternoon|evening|nighttime,1h2h,Yes
calculate,figure,accounting,morning|noon|afternoon|evening,2h,Yes
consult,accountant,accounting,morning|noon|afternoon,15m30m,Yes
file,tax,accounting,morning|noon|afternoon,1h2h,Yes
get,accountant,accounting,morning|noon|afternoon|evening,2h,No
leave,reception,accounting,morning|noon|afternoon,15m30m,Yes
review,general_ledger,accounting,afternoon,30m1h,Yes
review,sale,accounting,morning|afternoon,1h2h,No
turn over,record,accounting,morning|noon|afternoon,1h2h,Yes
visit,accountant,accounting,noon,30m1h,No
board,aircraft,airport,morning|noon|afternoon|evening|nighttime,0m15m,Yes
board,airplane,airport,morning|noon|afternoon|evening|nighttime,0m15m,Yes
book,flight,airport,morning|noon|afternoon|evening|nighttime,2h,Yes
buy,food,airport,morning|noon|afternoon|evening|nighttime,30m1h,Yes
catch,airplane,airport,morning|noon|afternoon|evening|nighttime,2h,Yes
fly,airplane,airport,morning|noon|afternoon|evening|nighttime,2h,Yes
get on,airplane,airport,morning|noon|afternoon|evening|nighttime,2h,Yes
land,Colonel_Blimp,airport,morning|noon|afternoon|evening|nighttime,none,No
land,aircraft,airport,morning|noon|afternoon|evening|nighttime,none,No
land,helicopter,airport,morning|noon|afternoon|evening|nighttime,none,No
sit,airplane,airport,morning|noon|afternoon|evening|nighttime,30m1h,Yes
take off,Colonel_Blimp,airport,morning|noon|afternoon|evening|nighttime,none,No
take off,aircraft,airport,morning|noon|afternoon|evening|nighttime,none,No
take off,helicopter,airport,morning|noon|afternoon|evening|nighttime,none,No
take off,helicopter,airport,morning|noon|afternoon|evening|nighttime,0m15m,Yes
buy,food,amusement_park,morning|noon|afternoon|evening,2h,Yes
buy,gift,amusement_park,morning|noon|afternoon|evening,15m30m,Yes
eat,cotton_candy,amusement_park,morning|noon|afternoon|evening,15m30m,Yes
eat,hotdog,amusement_park,morning|noon|afternoon,15m30m,Yes
enjoy,amusement_park,amusement_park,morning|noon|afternoon|evening,none,Yes
ride,drive,amusement_park,morning|noon|afternoon|evening,0m15m,Yes
ride,play,amusement_park,morning|noon|afternoon|evening,2h,No
ride,roller_coaster,amusement_park,morning|noon|afternoon|evening|nighttime,2h,Yes
ride,rollercoster,amusement_park,morning|noon|afternoon|evening,2h,Yes
swim,swimming_pool,amusement_park,noon,2h,Yes
buy,aquarium,aquarium,morning|evening,30m1h,No
buy,food,aquarium,morning|noon|afternoon|evening,15m30m,Yes
see,animal,aquarium,evening,0m15m,Yes
see,fish,aquarium,morning,2h,No
swim,fish,aquarium,morning|noon|afternoon|evening|nighttime,none,Yes
visit,aquarium,aquarium,evening,2h,Yes
watch,fish,aquarium,morning|noon|afternoon|evening|nighttime,2h,No
watch,fish,aquarium,morning|noon|afternoon|evening,1h2h,Yes
watch,fish,aquarium,morning|noon|afternoon|evening|nighttime,none,Yes
watch,fish,aquarium,morning|noon|afternoon|evening,30m1h,Yes
buy,ticket,art_gallery,morning|noon|afternoon|evening,0m15m,Yes
drink,wine,art_gallery,afternoon|evening|nighttime,0m15m,Yes
question,curator,art_gallery,noon|afternoon|evening|nighttime,0m15m,Yes
read,book,art_gallery,morning,15m30m,Yes
see,sculpture,art_gallery,afternoon,1h2h,No
study,art,art_gallery,morning|noon|afternoon|evening,2h,Yes
view,art,art_gallery,morning|noon|afternoon|evening|nighttime,30m1h,Yes
view,art,art_gallery,noon|afternoon|evening,30m1h,Yes
view,painting,art_gallery,morning|noon|afternoon,2h,No
view,sculpture,art_gallery,morning|noon|afternoon|evening,2h,Yes
deposit,money,atm,morning|noon|afternoon|evening|nighttime,0m15m,Yes
deposit,money,atm,morning|noon|afternoon|evening|nighttime,0m15m,Yes
get,money,atm,morning|noon|afternoon|evening|nighttime,0m15m,Yes
make,deposit,atm,morning|noon|afternoon|evening|nighttime,0m15m,Yes
withdraw,cash,atm,morning|noon|afternoon|evening|nighttime,0m15m,Yes
withdraw,cash,atm,morning,0m15m,No
withdraw,cash,atm,morning|noon|afternoon|evening|nighttime,0m15m,Yes
withdraw,money,atm,morning|noon|afternoon|evening|nighttime,0m15m,Yes
withdraw,money,atm,morning|noon|afternoon|evening|nighttime,0m15m,Yes
withdraw,money,atm,morning|noon|afternoon|evening|nighttime,0m15m,Yes
bake,bread,bakery,morning|noon|afternoon,30m1h,Yes
bake,bread,bakery,morning|noon|afternoon,1h2h,Yes
bake,cake,bakery,morning|noon|afternoon|evening,2h,Yes
bake,doughnut,bakery,morning|noon,0m15m,Yes
buy,bread,bakery,morning|noon|afternoon,0m15m,Yes
buy,cookie,bakery,morning|noon|afternoon|evening,30m1h,Yes
buy,cookie,bakery,noon|afternoon,0m15m,Yes
buy,cupcake,bakery,morning|noon|afternoon|evening,15m30m,Yes
buy,ring,bakery,morning,0m15m,No
eat,bread,bakery,morning|noon|afternoon|evening,0m15m,Yes
order,cake,bakery,morning|noon|afternoon|evening,15m30m,Yes
cash,check,bank,morning|noon|afternoon,15m30m,Yes
deposit,bill,bank,morning|noon|afternoon|evening,0m15m,No
deposit,check,bank,morning|noon|afternoon|evening,15m30m,No
deposit,money,bank,morning|noon|afternoon|evening,0m15m,Yes
deposit,money,bank,morning|noon|afternoon,15m30m,No
deposit,money,bank,morning|noon|afternoon,30m1h,No
deposit,money,bank,morning|noon|afternoon,0m15m,Yes
get,money,bank,afternoon,0m15m,Yes
retrieve,money,bank,morning|noon|afternoon|evening|nighttime,0m15m,Yes
withdraw,money,bank,morning|noon|afternoon,0m15m,Yes
argue,waiter,bar,evening|nighttime,1h2h,Yes
drink,alcohol,bar,afternoon|evening|nighttime,1h2h,Yes
drink,beer,bar,afternoon|evening|nighttime,15m30m,Yes
drink,beer,bar,afternoon|evening|nighttime,15m30m,Yes
drink,beer,bar,afternoon|evening|nighttime,1h2h,Yes
drink,brandy,bar,evening|nighttime,1h2h,Yes
meet,person,bar,afternoon|evening|nighttime,2h,Yes
meet,person,bar,noon|afternoon|evening|nighttime,2h,Yes
order,shooting,bar,noon|afternoon|evening|nighttime,2h,Yes
talk,subject,bar,evening|nighttime,2h,Yes
curl,hair,beauty_salon,morning|noon|afternoon|evening,1h2h,Yes
cut,hair,beauty_salon,morning|noon|afternoon|evening,30m1h,Yes
cut,hair,beauty_salon,morning,15m30m,Yes
cut,hair,beauty_salon,morning|noon|afternoon,30m1h,Yes
do,make up,beauty_salon,morning|noon|afternoon|evening,1h2h,Yes
get,treatment,beauty_salon,morning|noon|afternoon|evening,30m1h,Yes
go for,facial,beauty_salon,morning|evening,1h2h,No
perm,hair,beauty_salon,morning|noon|afternoon,30m1h,Yes
trim,hair,beauty_salon,morning|noon|afternoon|evening,30m1h,Yes
wash,hair,beauty_salon,morning|noon|afternoon,15m30m,Yes
buy,bicycle,bicycle_store,morning|noon|afternoon,15m30m,Yes
buy,bicycle,bicycle_store,morning|noon|afternoon|evening,none,Yes
buy,bicycle,bicycle_store,morning|noon|afternoon,30m1h,Yes
go,bicycle,bicycle_store,morning,30m1h,No
look at,bicycle,bicycle_store,morning|noon|afternoon,15m30m,Yes
purchase,bicycle,bicycle_store,morning|noon|afternoon|evening,1h2h,Yes
purchase,wheel,bicycle_store,noon|afternoon|evening,0m15m,Yes
repair,wheel,bicycle_store,morning|noon|afternoon|evening,1h2h,Yes
replace,wheel,bicycle_store,morning|noon|afternoon|evening,15m30m,Yes
test drive,bicycle,bicycle_store,morning|noon|afternoon|evening,30m1h,Yes
buy,book,book_store,morning|noon|afternoon|evening,15m30m,Yes
buy,book,book_store,morning|noon|afternoon,30m1h,Yes
peruse,book,book_store,morning|noon|afternoon|evening,1h2h,Yes
purchase,book,book_store,evening,30m1h,Yes
read,book,book_store,afternoon,1h2h,Yes
read,book,book_store,morning|noon|afternoon|evening|nighttime,0m15m,Yes
read,book,book_store,morning|noon|afternoon|evening,30m1h,Yes
read,book,book_store,morning|noon|afternoon,30m1h,Yes
read,magazine,book_store,morning|noon|afternoon|evening,1h2h,Yes
sign,book,book_store,morning|noon|afternoon|evening,2h,Yes
bowl,ball,bowling_alley,evening,1h2h,No
bowl,strike,bowling_alley,morning|noon|afternoon|evening|nighttime,0m15m,Yes
buy,food,bowling_alley,noon|afternoon|evening,1h2h,Yes
eat,hotdog,bowling_alley,morning|noon|afternoon|evening|nighttime,0m15m,Yes
eat,nacho,bowling_alley,noon|afternoon|evening|nighttime,0m15m,Yes
go,bowling,bowling_alley,evening,2h,Yes
rent,shoe,bowling_alley,morning|noon|afternoon|evening|nighttime,2h,Yes
roll,ball,bowling_alley,noon|afternoon|evening,1h2h,Yes
sing,karaoke,bowling_alley,morning|noon|afternoon|evening|nighttime,2h,Yes
throw,ball,bowling_alley,noon|afternoon|evening,1h2h,Yes
throw,bowling_ball,bowling_alley,morning|noon|afternoon|evening|nighttime,30m1h,No
board,bus,bus_station,morning|noon|afternoon|evening|nighttime,0m15m,Yes
catch,bus,bus_station,morning,15m30m,No
catch,bus,bus_station,morning|noon|afternoon|evening|nighttime,1h2h,Yes
disembark,bus_terminal,bus_station,morning|noon|afternoon|evening|nighttime,0m15m,Yes
enter,bus,bus_station,morning|noon|afternoon|evening|nighttime,15m30m,Yes
get,off,bus_station,afternoon,0m15m,Yes
pick up,set,bus_station,morning,0m15m,Yes
pick up the gauntlet,passenger,bus_station,morning,15m30m,Yes
ride,bus,bus_station,morning|noon|afternoon|evening,30m1h,Yes
take,reservation,bus_station,morning|noon|afternoon|evening|nighttime,30m1h,Yes
wait,driver,bus_station,morning|noon|afternoon|evening|nighttime,30m1h,Yes
buy,food,cafe,morning|noon|afternoon|evening,30m1h,Yes
drink,coffee,cafe,morning|noon|afternoon|evening,30m1h,No
drink,coffee,cafe,morning|noon|afternoon|evening,15m30m,Yes
drink,coffee,cafe,morning|noon|afternoon|evening|nighttime,0m15m,Yes
drink,coffee,cafe,evening,0m15m,Yes
meet up with,person,cafe,morning|noon|afternoon|evening,30m1h,Yes
order,caffe_latte,cafe,morning|noon|afternoon|evening|nighttime,15m30m,Yes
order,cocoa,cafe,morning|noon|afternoon|evening,0m15m,Yes
order,espresso,cafe,morning|noon|afternoon|evening|nighttime,0m15m,Yes
sip,caffe_latte,cafe,morning|noon|afternoon,30m1h,Yes
barbecue,sausage,campground,morning|noon|afternoon|evening|nighttime,2h,Yes
ca-ca,Cam,campground,evening,1h2h,Yes
pitch,tent,campground,morning|noon|afternoon|evening|nighttime,15m30m,Yes
pitch,tent,campground,morning|noon|afternoon|evening|nighttime,2h,Yes
pitch,tent,campground,morning|noon|afternoon,0m15m,Yes
roast,marshmallow,campground,morning|noon|afternoon|evening|nighttime,15m30m,Yes
sing along,campfire,campground,afternoon|evening|nighttime,30m1h,Yes
sleep,homo,campground,afternoon|evening|nighttime,none,Yes
sleep,sleeping_bag,campground,morning|noon|afternoon|evening|nighttime,2h,Yes
start,fire,campground,morning|noon|afternoon|evening,0m15m,Yes
stay,campsite,campground,afternoon|nighttime,2h,Yes
buy,car,car_dealer,morning|noon|afternoon|evening,2h,Yes
buy,car,car_dealer,morning|noon|afternoon,2h,Yes
buy,vehicle,car_dealer,morning|noon|afternoon|evening|nighttime,1h2h,Yes
choose,truck,car_dealer,morning|noon|afternoon|evening|nighttime,2h,Yes
purchase,car,car_dealer,morning|noon|afternoon|evening,1h2h,Yes
rent,minivan,car_dealer,morning|afternoon|evening,2h,Yes
sell,car,car_dealer,noon,2h,Yes
sell,car,car_dealer,morning|noon|evening,1h2h,No
trade in,car,car_dealer,morning|noon|afternoon|evening|nighttime,2h,Yes
trade in,car,car_dealer,morning|noon|afternoon|evening,1h2h,Yes
get,car,car_rental,morning|noon|afternoon|evening|nighttime,2h,Yes
get,car,car_rental,morning,30m1h,No
lease,car,car_rental,morning|noon|afternoon|evening,1h2h,Yes
rent,avant-garde,car_rental,morning|noon|afternoon|evening|nighttime,30m1h,Yes
rent,car_rental,car_rental,morning|afternoon,1h2h,No
rent,truck,car_rental,noon|afternoon,2h,No
rent,vehicle,car_rental,morning,2h,No
rent,vehicle,car_rental,morning|noon|afternoon|evening|nighttime,30m1h,Yes
rent out,car,car_rental,morning,0m15m,No
rent out,car,car_rental,morning,2h,Yes
return,car,car_rental,morning|noon|afternoon|evening|nighttime,15m30m,Yes
change,oil,car_repair,morning|noon|afternoon|evening,0m15m,Yes
change,oil,car_repair,morning|noon|afternoon|evening,30m1h,Yes
change,tire,car_repair,morning|noon|afternoon|evening,15m30m,Yes
fix,car,car_repair,morning|noon|afternoon,30m1h,Yes
fix,car,car_repair,noon,30m1h,Yes
pay,machinist,car_repair,morning|noon|afternoon,15m30m,Yes
pay,machinist,car_repair,morning|noon|afternoon,0m15m,No
prevent,vehicle,car_repair,afternoon,none,No
repair,car,car_repair,morning|noon|afternoon|evening,2h,Yes
repair,caravan,car_repair,afternoon,15m30m,Yes
clean,vehicle,car_wash,morning,15m30m,No
clean,vehicle,car_wash,morning|afternoon|evening,0m15m,No
pay,teller,car_wash,morning|noon|afternoon,0m15m,Yes
vacuum,rug,car_wash,morning|noon|afternoon|evening|nighttime,15m30m,Yes
wash,car,car_wash,morning|noon|afternoon|evening,15m30m,Yes
wash,car,car_wash,morning|noon|afternoon|evening|nighttime,30m1h,No
wash,car,car_wash,morning|noon|afternoon|evening|nighttime,15m30m,Yes
wash,vacuum,car_wash,morning|noon|afternoon|evening,0m15m,No
wash,vehicle,car_wash,morning|noon|afternoon,15m30m,Yes
wax,vehicle,car_wash,morning|noon|afternoon,15m30m,No
buy,food,casino,noon|afternoon|evening,15m30m,Yes
gamble,house,casino,morning|noon|afternoon|evening|nighttime,2h,No
gamble,house,casino,evening|nighttime,2h,Yes
gamble,money,casino,morning|noon|afternoon|evening|nighttime,0m15m,Yes
place,bet,casino,morning|noon|afternoon|evening|nighttime,2h,Yes
place,stake,casino,morning|noon|afternoon|evening|nighttime,2h,Yes
play,game,casino,morning|noon|afternoon|evening|nighttime,2h,Yes
play,roulette,casino,morning|noon|afternoon|evening|nighttime,2h,Yes
spend,money,casino,noon|afternoon|evening,2h,Yes
win,money,casino,morning|noon|afternoon|evening|nighttime,1h2h,Yes
win,pot,casino,morning|noon|afternoon|evening|nighttime,none,Yes
attend,funeral,cemetery,morning|noon|afternoon,30m1h,No
bury,cemetery,cemetery,morning|noon|afternoon|evening,30m1h,No
bury,family,cemetery,morning|noon|afternoon|evening,1h2h,Yes
cremate,body,cemetery,evening,2h,No
honor,dead,cemetery,morning|noon|afternoon|evening,1h2h,Yes
leave,flower,cemetery,morning|noon|afternoon|evening,1h2h,Yes
look at,grave,cemetery,morning|noon|afternoon,30m1h,No
pray,priest,cemetery,morning|afternoon|evening,1h2h,No
visit,grave,cemetery,morning|noon|afternoon,15m30m,Yes
visit,relative,cemetery,morning|noon|afternoon|evening|nighttime,30m1h,Yes
get,baptism,church,morning|noon|afternoon|evening,30m1h,Yes
marry,couple,church,morning,1h2h,Yes
meet,person,church,morning|noon|afternoon|evening,1h2h,Yes
pay,due,church,morning|noon|afternoon|evening,0m15m,Yes
praise,God,church,morning|noon,1h2h,Yes
pray,God,church,morning|evening,15m30m,Yes
pray,fan,church,morning|afternoon|evening,2h,Yes
read,Bible,church,morning,30m1h,Yes
visit,curate,church,morning|noon|afternoon|evening|nighttime,30m1h,Yes
worship,God,church,morning|noon|afternoon|evening,1h2h,Yes
bill,bill,city_hall,morning|noon|afternoon,15m30m,Yes
marry,spouse,city_hall,morning|noon|afternoon,30m1h,Yes
meet up with,administrator,city_hall,morning|noon|afternoon|evening,2h,No
meet up with,curate,city_hall,morning|noon|afternoon|evening,2h,No
pay,bill,city_hall,morning|noon|afternoon,15m30m,Yes
pay,tax,city_hall,morning|noon|afternoon,15m30m,Yes
pay for,parking_ticket,city_hall,morning,15m30m,Yes
visit,mayor,city_hall,morning|noon|afternoon,30m1h,Yes
visit,municipal,city_hall,morning,30m1h,No
visit,secretary,city_hall,morning|noon|afternoon|evening,30m1h,Yes
watch,deputation,city_hall,morning|noon|afternoon,30m1h,Yes
buy,apparel,clothing_store,morning|noon|afternoon,30m1h,Yes
buy,apparel,clothing_store,morning|noon|afternoon|evening,1h2h,No
buy,apparel,clothing_store,morning|noon|afternoon|evening,1h2h,No
buy,apparel,clothing_store,evening,2h,Yes
buy,dress,clothing_store,morning|evening|nighttime,1h2h,No
buy,shirt,clothing_store,morning|noon|afternoon|evening,30m1h,Yes
buy,shirt,clothing_store,noon|afternoon|evening,2h,Yes
buy,suit,clothing_store,morning|noon|afternoon,30m1h,Yes
cab,fabric,clothing_store,evening,1h2h,Yes
purchase,shirt,clothing_store,morning|noon|afternoon|evening,0m15m,No
wear,fabric,clothing_store,morning|noon|afternoon|evening,none,No
buy,beer,convenience_store,morning|noon|afternoon|evening,0m15m,Yes
buy,bit,convenience_store,morning|noon|afternoon|evening|nighttime,0m15m,Yes
buy,candy,convenience_store,morning|noon|afternoon|evening,0m15m,Yes
buy,candy,convenience_store,noon,0m15m,Yes
buy,grocery_store,convenience_store,morning|noon|afternoon|evening|nighttime,0m15m,Yes
buy,scratch-off,convenience_store,morning|noon|afternoon|evening|nighttime,0m15m,Yes
buy,toiletry,convenience_store,morning|noon|afternoon|evening,15m30m,No
buy food,rice,convenience_store,evening,0m15m,No
go,shopping,convenience_store,morning,2h,Yes
purchase,food,convenience_store,morning|noon|afternoon|evening|nighttime,15m30m,Yes
shop at,bag,convenience_store,morning|noon|afternoon|evening|nighttime,30m1h,No
argue,courthouse,courthouse,morning,1h2h,No
be,sentence,courthouse,morning|noon|afternoon,none,Yes
case,courthouse,courthouse,morning,1h2h,Yes
home,building,courthouse,morning,none,No
pay,ticket,courthouse,morning|noon|afternoon,30m1h,Yes
plead,case,courthouse,morning|noon|afternoon,30m1h,No
see,judge,courthouse,morning|noon|afternoon|evening|nighttime,1h2h,Yes
stand,test,courthouse,morning|noon|afternoon,2h,Yes
stand for,test,courthouse,afternoon,2h,Yes
talk about,case,courthouse,morning|noon|afternoon,1h2h,Yes
visit,lawer,courthouse,morning,2h,No
brush,tooth,dentist,afternoon,0m15m,Yes
fix,tooth,dentist,morning|noon|afternoon,30m1h,Yes
fix,tooth,dentist,morning|noon|afternoon,30m1h,Yes
occidentalise,dentist,dentist,afternoon,none,Yes
pull,tooth,dentist,morning|noon|afternoon,30m1h,Yes
pull,tooth,dentist,morning|noon|afternoon,30m1h,Yes
pull out,tooth,dentist,morning|noon|afternoon|evening,15m30m,Yes
specialize,disease,dentist,morning|noon|afternoon|evening|nighttime,none,No
visit,dentist,dentist,morning|noon|afternoon,1h2h,Yes
visit,surgery,dentist,morning|noon|afternoon,1h2h,No
browse,item,department_store,morning|noon|afternoon|evening,1h2h,Yes
buy,apparel,department_store,afternoon,1h2h,Yes
buy,good,department_store,evening,15m30m,Yes
buy,shoe,department_store,morning|noon|afternoon|evening,15m30m,Yes
buy,shoe,department_store,evening,15m30m,Yes
buy,slack,department_store,morning|noon|afternoon|evening,15m30m,Yes
look,merchandise,department_store,morning|noon|afternoon,30m1h,Yes
purchase,gift,department_store,morning|noon|afternoon|evening|nighttime,1h2h,Yes
retail,building,department_store,afternoon,none,Yes
shop at,bag,department_store,morning|noon|afternoon|evening|nighttime,15m30m,No
shop at,bag,department_store,morning|noon|afternoon|evening|nighttime,30m1h,No
diagnose,injection,doctor,morning,0m15m,Yes
diagnose,symptom,doctor,morning|noon|afternoon|evening,1h2h,Yes
examine,body,doctor,morning|noon|afternoon|evening,30m1h,Yes
get,check,doctor,evening,30m1h,Yes
get,test,doctor,morning|noon|afternoon|evening|nighttime,1h2h,Yes
obtain,prescription,doctor,morning|noon|afternoon|evening|nighttime,30m1h,Yes
pay,doctor,doctor,morning|noon|afternoon,0m15m,No
test,blood,doctor,morning|noon|afternoon|evening|nighttime,30m1h,Yes
treat,patient,doctor,afternoon,15m30m,Yes
visit,doctor,doctor,morning|noon|afternoon|evening|nighttime,30m1h,No
buy,wiring,electrician,morning|noon|afternoon,15m30m,Yes
connect,motor,electrician,morning|noon|afternoon|evening|nighttime,30m1h,Yes
fix,stove,electrician,morning|noon|afternoon|evening,30m1h,Yes
fix,wire,electrician,morning|noon|afternoon,15m30m,Yes
fix,wiring,electrician,morning|noon|afternoon|evening,1h2h,No
get,electrician,electrician,morning|noon|afternoon|evening,1h2h,No
get,wire,electrician,morning|noon|afternoon,0m15m,No
pay,electrician,electrician,morning|noon|afternoon,0m15m,No
repair,cupboard,electrician,morning|noon|afternoon|evening|nighttime,1h2h,Yes
wire,apartment,electrician,morning|noon|afternoon|evening|nighttime,2h,Yes
buy,appliance,electronics_store,morning|noon|afternoon|evening,2h,Yes
buy,computer,electronics_store,morning|noon|afternoon|evening,30m1h,Yes
buy,electronic,electronics_store,morning|noon|afternoon,15m30m,No
buy,electronic,electronics_store,morning|noon|afternoon,30m1h,Yes
buy,television,electronics_store,morning|noon|afternoon|evening|nighttime,1h2h,Yes
look at,electronic,electronics_store,morning|noon|afternoon,30m1h,Yes
look for,computer_game,electronics_store,morning|noon|afternoon|evening,30m1h,Yes
purchase,television,electronics_store,morning|noon|evening,1h2h,Yes
sell,computer,electronics_store,morning|noon|afternoon|evening,2h,Yes
use,electronic_equipment,electronics_store,morning|noon|evening,2h,No
watch,movie,electronics_store,morning|noon|afternoon|evening|nighttime,1h2h,Yes
ask for,refuge,embassy,morning|noon|afternoon|evening,2h,No
consult,consulate,embassy,morning|noon|afternoon|evening,30m1h,Yes
mediate,argument,embassy,morning|noon|afternoon|evening,1h2h,Yes
meet,diplomat,embassy,morning|noon|afternoon,1h2h,Yes
receive,information,embassy,morning|afternoon,30m1h,No
see,ambassador,embassy,morning|noon|afternoon,30m1h,Yes
seek,refuge,embassy,morning|noon|afternoon,2h,Yes
seek,representative,embassy,morning|noon|afternoon,1h2h,Yes
visit,official,embassy,morning|noon|afternoon,30m1h,Yes
visit,person,embassy,morning|noon|afternoon,1h2h,No
begin,meeting,establishment,morning|noon|afternoon|evening,0m15m,Yes
design,auditorium,establishment,morning|noon|afternoon|evening,2h,Yes
discuss,business,establishment,morning|noon|afternoon|evening|nighttime,2h,Yes
go to,constitution,establishment,morning|noon|afternoon,15m30m,No
pay,constitution,establishment,morning|noon|afternoon,1h2h,No
settle,loan,establishment,morning|noon|afternoon|evening,1h2h,Yes
use,sink,establishment,morning|noon|afternoon|evening|nighttime,30m1h,Yes
visit,constitution,establishment,morning|noon|afternoon,15m30m,No
visit,public institution (united states),establishment,morning,1h2h,Yes
work,topographic_point,establishment,morning|noon|afternoon|evening,none,Yes
audit,record,finance,morning|noon|afternoon,2h,Yes
borrow,customer,finance,morning|noon|afternoon|evening,30m1h,Yes
exchange,stock,finance,morning|noon|afternoon|evening|nighttime,0m15m,Yes
improve,investing,finance,morning|noon|afternoon|evening,none,Yes
invest,money,finance,morning|noon|afternoon,0m15m,Yes
manage,money,finance,morning|noon,0m15m,Yes
manage,money,finance,noon,15m30m,Yes
play,cricket,finance,morning|evening,1h2h,No
reduce,spending,finance,noon,15m30m,Yes
verify,assets and liability,finance,morning,30m1h,No
call,fire_engine,fire_station,nighttime,1h2h,Yes
call,service,fire_station,morning|noon|afternoon|evening|nighttime,1h2h,No
protect,waterhose,fire_station,morning|noon|afternoon|evening|nighttime,2h,No
sleep in,fire_station,fire_station,evening|nighttime,2h,Yes
slide down,pole,fire_station,morning|noon|afternoon|evening|nighttime,0m15m,Yes
store,fire_hose,fire_station,morning|noon|afternoon|evening|nighttime,2h,Yes
store,suit,fire_station,morning|noon|afternoon|evening|nighttime,2h,Yes
tour,fire_station,fire_station,morning|noon|afternoon|evening,30m1h,Yes
wash,firetruck,fire_station,morning|noon|afternoon|evening,1h2h,Yes
wash,firetruck,fire_station,morning|noon|afternoon|evening|nighttime,30m1h,Yes
buy,flower,florist,morning|noon|afternoon|evening,0m15m,No
buy,flower,florist,afternoon,0m15m,No
buy,flower,florist,morning|noon|afternoon|evening,15m30m,Yes
deflower,snake,florist,morning,0m15m,Yes
look at,pot,florist,morning|noon|afternoon|evening,30m1h,Yes
pick,rose,florist,morning|noon|afternoon|evening,15m30m,Yes
produce,flower,florist,morning|noon|afternoon|evening,15m30m,No
purchase,flower,florist,morning|noon|afternoon|evening,0m15m,No
purchase,flower,florist,morning|noon|afternoon|evening,30m1h,Yes
purchase,flower,florist,morning|noon|afternoon|evening,0m15m,Yes
smell,flower,florist,morning|noon|afternoon,0m15m,Yes
buy,fruit,food,evening,0m15m,Yes
compare,monetary_value,food,morning|noon|afternoon|evening|nighttime,0m15m,Yes
eat,breakfast,food,morning,30m1h,Yes
eat,eating,food,morning|noon|evening,0m15m,Yes
eat,food,food,morning|noon|afternoon|evening|nighttime,1h2h,No
eat,lunch,food,noon|afternoon,15m30m,Yes
eat,pizza,food,noon|afternoon,0m15m,Yes
fill,cart,food,morning|noon|afternoon|evening|nighttime,30m1h,Yes
prepare,chicken,food,morning|noon|afternoon|evening|nighttime,1h2h,Yes
waste,food,food,morning|afternoon|nighttime,0m15m,Yes
attend,funeral,funeral_home,morning|noon|afternoon|evening,30m1h,No
bury,family,funeral_home,noon|afternoon|evening,none,No
buy,grave,funeral_home,morning|noon|afternoon,30m1h,Yes
decorate,coffin,funeral_home,morning|noon|afternoon|evening|nighttime,1h2h,Yes
honor,dead_person,funeral_home,morning|noon|afternoon|evening,15m30m,Yes
look at,gravestone,funeral_home,morning|noon|afternoon,30m1h,Yes
pray,relative,funeral_home,noon|afternoon|evening,2h,Yes
sell,cross,funeral_home,morning|noon|afternoon|evening|nighttime,none,No
service,coffin,funeral_home,morning|noon|afternoon|evening|nighttime,1h2h,No
service,dead,funeral_home,morning,15m30m,No
buy,furniture,furniture_store,morning|noon|afternoon|evening,30m1h,Yes
buy,furniture,furniture_store,morning|noon|afternoon|evening,30m1h,Yes
buy,furniture,furniture_store,morning|noon|afternoon|evening,1h2h,Yes
furnish,furniture,furniture_store,morning|noon|evening,1h2h,No
look at,furniture,furniture_store,morning|noon|afternoon,15m30m,No
pick,sofa,furniture_store,morning|noon|afternoon|evening|nighttime,1h2h,Yes
pick out,desk,furniture_store,morning|noon|afternoon|evening,30m1h,Yes
purchase,furniture,furniture_store,morning|evening,15m30m,No
purchase,recliner,furniture_store,morning|noon|afternoon,15m30m,Yes
try out,mattress,furniture_store,evening,1h2h,Yes
walk around,shop,furniture_store,morning|noon|afternoon,15m30m,No
buy,bite,gas_station,morning|noon|afternoon|evening|nighttime,0m15m,Yes
buy,gas,gas_station,morning|noon|afternoon|evening|nighttime,0m15m,Yes
fill,car,gas_station,morning|noon|afternoon|evening|nighttime,0m15m,Yes
fill,gas_tank,gas_station,morning|noon|afternoon|evening|nighttime,0m15m,Yes
fill,gas_tank,gas_station,morning|noon|afternoon|evening|nighttime,0m15m,Yes
pump,gas,gas_station,morning|noon|afternoon|evening|nighttime,0m15m,Yes
pump,pump,gas_station,morning|noon|afternoon|evening|nighttime,0m15m,No
purchase,fuel,gas_station,morning|noon|afternoon|evening|nighttime,0m15m,Yes
purchase,gasoline,gas_station,morning|noon|afternoon|evening|nighttime,0m15m,Yes
sell,gasoline,gas_station,morning|afternoon|evening|nighttime,0m15m,No
build,house,general_contractor,morning|noon|afternoon,none,Yes
build,house,general_contractor,morning|noon|afternoon,2h,Yes
build,house,general_contractor,morning|noon|afternoon,2h,Yes
manage,building,general_contractor,morning|noon|afternoon,2h,No
manage,employee,general_contractor,morning|noon|afternoon|evening|nighttime,2h,Yes
order,material,general_contractor,morning|noon|afternoon,30m1h,Yes
oversee,construction_worker,general_contractor,morning|noon|afternoon|evening|nighttime,2h,Yes
pay,bill,general_contractor,morning|noon|afternoon|evening,15m30m,Yes
pay,bill,general_contractor,morning|noon|afternoon|evening,15m30m,Yes
respond,seller,general_contractor,afternoon,none,Yes
buy,carrot,grocery_or_supermarket,morning|noon|afternoon|evening,0m15m,Yes
buy,fruit,grocery_or_supermarket,morning|noon|evening,30m1h,Yes
buy,grocery_store,grocery_or_supermarket,morning|noon|afternoon|evening,30m1h,Yes
buy,grocery_store,grocery_or_supermarket,morning|noon|afternoon,30m1h,No
buy,meat,grocery_or_supermarket,noon|afternoon,15m30m,Yes
comparison-shop,coffee,grocery_or_supermarket,afternoon,0m15m,Yes
get,grocery_store,grocery_or_supermarket,morning|noon|afternoon|evening|nighttime,15m30m,Yes
purchase,food,grocery_or_supermarket,morning|noon|afternoon|evening|nighttime,1h2h,No
sell,food,grocery_or_supermarket,evening,1h2h,No
sell,food,grocery_or_supermarket,noon,none,Yes
do,weightlift,gym,morning,15m30m,Yes
exercise,treadmill,gym,morning|evening,1h2h,No
lift,weight,gym,morning|noon|afternoon|evening,1h2h,No
lift,weight,gym,morning|noon|afternoon,30m1h,Yes
lift,weight,gym,morning|noon|afternoon|evening,15m30m,Yes
lift,weight,gym,morning|noon|afternoon|evening|nighttime,2h,Yes
run,treadmill,gym,morning|noon|afternoon|evening,30m1h,Yes
take,class,gym,morning|noon|afternoon|evening,30m1h,Yes
work out,muscle,gym,morning|evening,30m1h,No
work out,muscle,gym,morning|noon|afternoon|evening,1h2h,Yes
care,hair,hair_care,morning|evening,1h2h,No
clean,hair,hair_care,morning|afternoon|evening,15m30m,No
color,hair,hair_care,morning|noon|afternoon,1h2h,Yes
comb out,hair,hair_care,morning|noon|afternoon|evening,30m1h,Yes
comb out,hair,hair_care,morning|noon|afternoon|evening|nighttime,30m1h,Yes
dye,hair,hair_care,morning|noon|afternoon|evening,15m30m,No
dye,hair,hair_care,morning|noon|afternoon,30m1h,Yes
hang by a hair,hair,hair_care,afternoon,30m1h,Yes
make up,actress,hair_care,morning|noon|afternoon|evening|nighttime,2h,Yes
wash,hair,hair_care,morning|noon|afternoon|evening|nighttime,0m15m,Yes
wash,hair,hair_care,morning|noon|afternoon|evening,15m30m,Yes
buy,fastener,hardware_store,morning|noon|afternoon|evening,0m15m,Yes
buy,hammer,hardware_store,morning|noon|afternoon|evening,15m30m,Yes
buy,hammer,hardware_store,morning|noon|afternoon,15m30m,Yes
buy,lock,hardware_store,morning|noon|afternoon|evening,0m15m,Yes
buy,tool,hardware_store,morning|afternoon|evening,15m30m,No
count,item,hardware_store,morning|noon|afternoon|evening,2h,Yes
purchase,key,hardware_store,morning|evening,15m30m,No
purchase,tool,hardware_store,morning|noon|afternoon|evening,30m1h,Yes
select,paint,hardware_store,morning|noon|afternoon|evening,1h2h,Yes
sell,hardware,hardware_store,noon,30m1h,Yes
be,well,health,morning|noon|afternoon|evening|nighttime,2h,No
care,body,health,morning|noon|afternoon|evening|nighttime,1h2h,Yes
check,health,health,noon|afternoon,30m1h,No
eat,food,health,morning|noon|afternoon|evening|nighttime,0m15m,No
exercise,body,health,morning|noon|afternoon,15m30m,No
exercise,gymnasium,health,morning|noon|afternoon|evening|nighttime,1h2h,Yes
exercise,health_spa,health,evening,2h,No
exercise,muscle,health,morning|noon|afternoon|evening|nighttime,1h2h,Yes
run,mile,health,morning|noon|afternoon|evening|nighttime,15m30m,Yes
stretch,biceps,health,morning|noon|afternoon|evening|nighttime,0m15m,Yes
chant,flower,hindu_temple,evening,1h2h,Yes
meet,believer,hindu_temple,morning|noon|afternoon|evening|nighttime,1h2h,Yes
practice,Hinduism,hindu_temple,morning|noon|afternoon|evening,2h,No
practice,religion,hindu_temple,morning|evening,30m1h,No
pray,goddess,hindu_temple,morning|noon|afternoon|evening,2h,No
pray,saltwort,hindu_temple,morning|noon|afternoon|evening,2h,No
sing,chant,hindu_temple,morning|noon|afternoon|evening,2h,Yes
worship,God,hindu_temple,morning|noon|afternoon|evening,30m1h,No
worship,Vishnu,hindu_temple,morning|noon|afternoon|evening|nighttime,15m30m,Yes
worship,temple,hindu_temple,morning|evening,0m15m,No
buy,blender,home_goods_store,morning|noon,0m15m,Yes
buy,furniture,home_goods_store,morning|noon|afternoon|evening,1h2h,Yes
buy,merchandise,home_goods_store,morning|noon|afternoon,15m30m,Yes
buy,milk,home_goods_store,morning,30m1h,Yes
buy,refrigerator,home_goods_store,morning|noon|afternoon|evening,30m1h,Yes
buy,towel,home_goods_store,morning|noon|afternoon|evening,0m15m,Yes
purchase,appliance,home_goods_store,evening,30m1h,No
purchase,furniture,home_goods_store,evening,15m30m,No
purchase,pillow,home_goods_store,morning|noon|afternoon|evening|nighttime,1h2h,Yes
sell,furniture,home_goods_store,afternoon,none,Yes
buy,gift,hospital,morning|noon|afternoon,0m15m,Yes
conduct,X_ray,hospital,morning|noon|afternoon|evening|nighttime,15m30m,Yes
draw,blood,hospital,morning|noon|afternoon|evening|nighttime,30m1h,Yes
pay,doctor,hospital,morning|noon|afternoon,15m30m,Yes
receive,shooting,hospital,morning|noon|afternoon|evening|nighttime,0m15m,Yes
specialize,hospital,hospital,noon,none,Yes
undergo,surgery,hospital,morning,2h,Yes
visit,doctor,hospital,morning|noon|afternoon|evening|nighttime,2h,Yes
visit,friend,hospital,morning|noon|afternoon,30m1h,Yes
visit,inpatient,hospital,morning|noon|afternoon|evening|nighttime,2h,Yes
visit,patient,hospital,morning|noon|afternoon|evening,1h2h,Yes
buy,insurance,insurance_agency,morning|noon|afternoon,30m1h,Yes
buy,insurance,insurance_agency,morning|noon|afternoon|evening,1h2h,Yes
buy,life_insurance,insurance_agency,morning|noon|afternoon|evening,30m1h,Yes
deposit,insurance_broker,insurance_agency,morning|noon|afternoon|evening|nighttime,30m1h,No
get,insurance,insurance_agency,morning|noon|afternoon|evening,1h2h,No
inspect,vehicle,insurance_agency,morning|noon|afternoon,15m30m,No
purchase,insurance,insurance_agency,morning|noon|afternoon,30m1h,Yes
purchase,insurance,insurance_agency,morning|noon|afternoon,1h2h,Yes
solicit,application,insurance_agency,morning|noon|afternoon,15m30m,No
talk,policy,insurance_agency,evening,30m1h,No
buy,chain,jewelry_store,noon|afternoon,1h2h,Yes
buy,decoration,jewelry_store,morning|noon|afternoon|evening,2h,Yes
buy,earring,jewelry_store,morning|noon|afternoon|evening,15m30m,Yes
buy,jewelry,jewelry_store,morning|noon|afternoon|evening,30m1h,Yes
buy,jewelry,jewelry_store,morning|noon|afternoon,15m30m,Yes
buy,ring,jewelry_store,morning|noon|afternoon|evening,0m15m,Yes
buy,ring,jewelry_store,evening,0m15m,Yes
look at,jewelry,jewelry_store,morning|noon|afternoon,15m30m,Yes
purchase,necklace,jewelry_store,morning|noon|afternoon|evening,15m30m,Yes
view,gem,jewelry_store,morning|noon|afternoon|evening,1h2h,Yes
clean,garment,laundry,morning|noon|afternoon|evening|nighttime,1h2h,Yes
dry,apparel,laundry,morning|noon|afternoon|evening,30m1h,Yes
fold,apparel,laundry,morning|noon|afternoon|evening,0m15m,Yes
measure,detergent,laundry,morning|noon|afternoon|evening|nighttime,0m15m,Yes
wash,apparel,laundry,morning|noon|afternoon|evening|nighttime,30m1h,No
wash,apparel,laundry,morning|noon|afternoon|evening,1h2h,No
wash,fabric,laundry,morning|noon|afternoon|evening|nighttime,2h,Yes
wash,pant,laundry,morning|noon|afternoon|evening|nighttime,30m1h,Yes
wash,sock,laundry,morning|noon|afternoon|evening|nighttime,30m1h,Yes
wash up,pant,laundry,evening,2h,Yes
consult,lawyer,lawyer,evening,15m30m,Yes
get,document,lawyer,morning|noon|afternoon|evening,30m1h,Yes
obtain,document,lawyer,afternoon,1h2h,Yes
pay,lawyer,lawyer,morning|noon|afternoon,15m30m,Yes
pay,lawyer,lawyer,morning|noon|afternoon,1h2h,Yes
practice,book,lawyer,morning|noon|afternoon|evening,1h2h,No
receive,advice,lawyer,morning|noon|afternoon|evening,1h2h,Yes
receive,information,lawyer,morning|afternoon,30m1h,No
seek,advice,lawyer,morning|noon|afternoon,15m30m,No
state,case,lawyer,morning|noon|afternoon|evening,15m30m,Yes
sue,defendant,lawyer,morning|noon|afternoon,2h,Yes
access,library,library,morning|noon|afternoon|evening,2h,No
check out,book,library,afternoon,1h2h,Yes
check out,book,library,morning|noon|afternoon|evening,15m30m,Yes
check out,book,library,morning|noon|afternoon|evening,0m15m,Yes
lend,magazine,library,morning|noon|afternoon|evening,30m1h,Yes
read,book,library,evening,1h2h,Yes
read,book,library,morning|noon|afternoon|evening,none,No
read,book,library,morning|noon|afternoon|evening|nighttime,30m1h,No
read,book,library,morning|noon|afternoon,15m30m,Yes
use,computer,library,morning|noon|afternoon|evening,2h,Yes
write,register,library,morning|noon|afternoon|evening,15m30m,Yes
buy,alcohol,liquor_store,morning|noon|afternoon,0m15m,Yes
buy,beverage,liquor_store,morning|noon|afternoon|evening,0m15m,No
buy,liquor,liquor_store,afternoon|evening|nighttime,0m15m,No
buy,sociable,liquor_store,morning|noon|afternoon,0m15m,No
buy,vodka,liquor_store,morning|noon|afternoon|evening,0m15m,Yes
drink,package_store,liquor_store,nighttime,1h2h,No
drink,shop,liquor_store,evening|nighttime,15m30m,No
purchase,liquor,liquor_store,morning|noon|afternoon|evening|nighttime,0m15m,Yes
sell,beverage,liquor_store,morning|noon|afternoon|evening|nighttime,2h,No
sell,beverage,liquor_store,morning|noon|afternoon|evening|nighttime,2h,No
acquire,document,local_government_office,morning|noon|afternoon,30m1h,Yes
file,document,local_government_office,morning|noon|afternoon,15m30m,Yes
file,paperwork,local_government_office,morning|noon|afternoon,2h,Yes
give,request,local_government_office,morning,15m30m,No
go to,work,local_government_office,morning,2h,Yes
issue,license,local_government_office,morning,30m1h,Yes
pay,bill,local_government_office,morning|noon|afternoon,0m15m,No
pay,bill,local_government_office,morning|noon|afternoon,15m30m,Yes
register,car,local_government_office,morning|noon|afternoon|evening,1h2h,Yes
visit,military_officer,local_government_office,morning,15m30m,Yes
fix,lock,locksmith,morning|noon|afternoon|evening|nighttime,30m1h,Yes
fix,lock,locksmith,morning|noon|afternoon|evening|nighttime,15m30m,Yes
install,lock,locksmith,afternoon,30m1h,Yes
install,lock,locksmith,morning|noon|afternoon|evening|nighttime,15m30m,Yes
make,key,locksmith,morning|noon|afternoon,2h,No
open,door,locksmith,morning|noon|afternoon|evening|nighttime,30m1h,No
pay,locksmith,locksmith,morning|noon|afternoon|evening|nighttime,0m15m,No
purchase,key,locksmith,,0m15m,No
secure,locksmith,locksmith,morning|noon|afternoon,1h2h,No
unlock,door,locksmith,morning|noon|afternoon|evening|nighttime,30m1h,Yes
unlock,lock,locksmith,morning|noon|afternoon|evening|nighttime,15m30m,Yes
book,room,lodging,morning|noon|afternoon|evening|nighttime,2h,Yes
enquire,room,lodging,morning|noon|afternoon|evening,none,Yes
get,room,lodging,morning|noon|afternoon|evening|nighttime,2h,Yes
rent,suite,lodging,morning|noon|afternoon|evening|nighttime,2h,Yes
sleep,bed,lodging,morning|noon|afternoon|evening|nighttime,2h,Yes
stay,person,lodging,morning|noon|afternoon|evening|nighttime,2h,Yes
stay at,Lodge,lodging,nighttime,none,No
swim,pool,lodging,morning|noon|afternoon|evening|nighttime,1h2h,Yes
tell,narrative,lodging,nighttime,0m15m,Yes
watch,person,lodging,morning|noon|afternoon|evening|nighttime,2h,Yes
deliver,box,meal_delivery,morning|noon|afternoon|evening|nighttime,none,No
deliver,food,meal_delivery,evening,15m30m,Yes
deliver,food,meal_delivery,noon|afternoon|evening,30m1h,No
drive,car,meal_delivery,morning|noon|afternoon|evening|nighttime,2h,Yes
eat,food,meal_delivery,noon,30m1h,Yes
order,food,meal_delivery,noon|afternoon|nighttime,15m30m,Yes
pack,lunch,meal_delivery,noon,30m1h,Yes
pick up,food,meal_delivery,morning|noon|afternoon|evening,0m15m,Yes
purchase,lunch,meal_delivery,noon,30m1h,Yes
receive,tip,meal_delivery,morning|noon|afternoon|evening|nighttime,0m15m,Yes
tip,teller,meal_delivery,morning|noon|afternoon|evening,0m15m,No
buy,food,meal_takeaway,evening,15m30m,Yes
buy,food,meal_takeaway,morning|noon|afternoon|evening,30m1h,Yes
eat,food,meal_takeaway,morning|noon|afternoon|evening|nighttime,30m1h,No
go,restaurant,meal_takeaway,noon,2h,No
order,lunch,meal_takeaway,morning|noon|afternoon,15m30m,Yes
pack,food,meal_takeaway,evening,15m30m,Yes
pay,teller,meal_takeaway,morning|noon|afternoon|evening,0m15m,No
pick up,food,meal_takeaway,morning|evening,0m15m,No
pick up,food,meal_takeaway,morning|noon|afternoon|evening|nighttime,15m30m,Yes
purchase,meal,meal_takeaway,morning|noon|afternoon|evening|nighttime,none,No
take,home,meal_takeaway,noon|afternoon|evening|nighttime,30m1h,No
meet up with,congregation,mosque,morning|noon|afternoon|evening,1h2h,Yes
practice,religion,mosque,morning|noon|evening,30m1h,No
practice,religion,mosque,morning|evening|nighttime,30m1h,No
pray,Koran,mosque,noon|afternoon|evening,1h2h,Yes
prey,God,mosque,evening,15m30m,No
say,prayer,mosque,morning|noon|afternoon|evening|nighttime,15m30m,Yes
spell,Islam,mosque,afternoon,none,Yes
worship,God,mosque,morning|noon|afternoon|evening,1h2h,Yes
worship,God,mosque,morning|noon|afternoon|evening,30m1h,Yes
worship,mosque,mosque,morning,30m1h,No
buy,movie,movie_rental,morning|noon|afternoon,0m15m,Yes
choose,movie,movie_rental,morning|noon|afternoon|evening|nighttime,15m30m,Yes
hire,movie,movie_rental,noon,15m30m,No
rent,computer_game,movie_rental,morning|noon|afternoon|evening|nighttime,15m30m,No
rent,movie,movie_rental,morning|noon|afternoon|evening|nighttime,30m1h,Yes
rent,videodisk,movie_rental,morning|noon|afternoon|evening|nighttime,30m1h,No
rent,videodisk,movie_rental,morning|noon|afternoon|evening,15m30m,Yes
rent out,movie,movie_rental,morning|noon|afternoon|evening|nighttime,30m1h,Yes
select,movie,movie_rental,morning|noon|afternoon|evening|nighttime,0m15m,Yes
watch,movie,movie_rental,morning|noon|afternoon|evening|nighttime,1h2h,Yes
buy,ticket,movie_theater,morning|noon|afternoon|evening,0m15m,Yes
eat,popcorn,movie_theater,morning|noon|afternoon|evening|nighttime,2h,Yes
see,movie,movie_theater,morning|noon|afternoon|evening|nighttime,2h,Yes
see,preview,movie_theater,noon|afternoon|evening|nighttime,15m30m,Yes
watch,movie,movie_theater,morning|noon|afternoon|evening|nighttime,2h,Yes
watch,movie,movie_theater,evening,1h2h,Yes
watch,movie,movie_theater,noon|afternoon|evening,1h2h,Yes
watch,movie,movie_theater,afternoon|evening|nighttime,2h,Yes
watch,movie,movie_theater,morning|noon|afternoon|evening|nighttime,2h,Yes
watch,movie,movie_theater,noon|afternoon|evening|nighttime,1h2h,No
gather,box,moving_company,morning,30m1h,Yes
hire,worker,moving_company,morning|noon|afternoon,1h2h,Yes
lift,furniture,moving_company,morning|noon|afternoon,2h,No
lift,furniture,moving_company,morning|noon|afternoon,0m15m,Yes
move,thing,moving_company,morning|noon|afternoon,2h,No
obtain,estimate,moving_company,morning|noon|afternoon,30m1h,Yes
pick up,box,moving_company,morning|afternoon,2h,Yes
schedule,mover,moving_company,morning|noon|afternoon,0m15m,Yes
ship,furniture,moving_company,morning|noon|afternoon|evening,2h,Yes
transport,article,moving_company,morning|noon|afternoon|evening|nighttime,none,Yes
transport,furniture,moving_company,noon|afternoon,30m1h,Yes
buy,food,museum,morning|noon|afternoon,15m30m,Yes
buy,gift,museum,morning|noon|afternoon,15m30m,Yes
learn,history,museum,morning|noon|afternoon,2h,Yes
look at,artifact,museum,morning|noon|afternoon,2h,No
observe,art,museum,morning|noon|afternoon|evening|nighttime,1h2h,Yes
observe,exhibit,museum,afternoon|evening,30m1h,No
peruse,painting,museum,morning|noon|afternoon|evening,2h,Yes
view,art,museum,evening,2h,Yes
view,artifact,museum,morning|noon|afternoon|evening,1h2h,No
view,portrayal,museum,morning|noon|afternoon,1h2h,Yes
view,sculpture,museum,morning|noon|afternoon,30m1h,Yes
dance,baseball_club,night_club,evening|nighttime,1h2h,No
dance,table,night_club,nighttime,2h,No
drink,alcohol,night_club,evening|nighttime,2h,Yes
drink,alcohol,night_club,evening|nighttime,1h2h,Yes
drink,cabaret,night_club,morning|nighttime,1h2h,No
drink,cocktail,night_club,evening|nighttime,15m30m,Yes
drink,liquor,night_club,evening|nighttime,1h2h,Yes
get,drink,night_club,nighttime,2h,Yes
grind,female,night_club,nighttime,2h,Yes
meet,person,night_club,evening|nighttime,1h2h,Yes
apply,paint,painter,morning|noon|afternoon|evening|nighttime,2h,Yes
get,paint,painter,morning|noon|afternoon|evening,0m15m,No
lay,tape,painter,morning|noon|afternoon,1h2h,Yes
mix,color,painter,morning|noon|afternoon|evening|nighttime,30m1h,Yes
paint,brush,painter,morning|noon|afternoon,2h,No
paint,building,painter,morning|noon|afternoon|evening,2h,No
paint,canvas,painter,morning|noon|afternoon|evening|nighttime,2h,Yes
paint,house,painter,afternoon,2h,Yes
paint,house,painter,morning|noon|afternoon,2h,No
paint,wall,painter,morning|noon|afternoon,30m1h,Yes
pay,painter,painter,morning|noon|afternoon,0m15m,No
eat,lunch,park,noon,15m30m,Yes
enjoy,child,park,morning|noon|afternoon|evening|nighttime,2h,Yes
have,fun,park,morning|noon|afternoon,2h,No
play,Frisbee,park,morning|noon|afternoon|evening|nighttime,30m1h,Yes
play,baseball,park,morning|noon|afternoon,30m1h,Yes
play,baseball,park,morning|noon|afternoon,1h2h,Yes
play,game,park,morning|noon|afternoon,2h,Yes
play,tennis,park,morning|noon|afternoon,30m1h,Yes
sit,bench,park,evening,1h2h,Yes
throw,Frisbee,park,morning|noon|afternoon,1h2h,Yes
leave,vehicle,parking,morning|noon|afternoon|evening|nighttime,0m15m,No
park,car,parking,morning|noon|evening|nighttime,2h,Yes
park,car,parking,morning|noon|afternoon|evening|nighttime,2h,No
park,car,parking,morning|noon|afternoon|evening|nighttime,0m15m,Yes
park,car,parking,morning|noon|afternoon|evening|nighttime,1h2h,No
park,vehicle,parking,morning|noon|afternoon|evening|nighttime,0m15m,Yes
park,vehicle,parking,morning|noon|afternoon|evening|nighttime,2h,No
park,vehicle,parking,morning|noon|afternoon|evening|nighttime,1h2h,No
run,bus,parking,morning|noon|afternoon|evening|nighttime,2h,Yes
use,brake,parking,morning|noon|afternoon|evening|nighttime,0m15m,Yes
buy,dog,pet_store,morning|noon|afternoon|evening,30m1h,Yes
buy,plaything,pet_store,morning|noon|afternoon|evening|nighttime,15m30m,Yes
feed,animal,pet_store,morning|noon|afternoon,15m30m,Yes
look at,animal,pet_store,morning|noon|afternoon,15m30m,Yes
look at,animal,pet_store,morning|noon|afternoon,15m30m,No
look at,puppy,pet_store,morning|noon|afternoon,0m15m,Yes
pet,animal,pet_store,morning|noon|afternoon,15m30m,Yes
purchase,kitten,pet_store,morning|noon|afternoon|evening,1h2h,Yes
purchase,petfood,pet_store,morning|noon|afternoon|evening,0m15m,Yes
sell,shop,pet_store,noon|evening,none,No
buy,medicine,pharmacy,evening,0m15m,Yes
buy,medicine,pharmacy,morning|noon|afternoon|evening,0m15m,Yes
ensure,drug,pharmacy,morning|afternoon|evening,15m30m,No
fill,prescription,pharmacy,morning|noon|afternoon|evening,15m30m,Yes
fill,prescription,pharmacy,morning|noon|afternoon|evening|nighttime,15m30m,Yes
get,prescription,pharmacy,morning|noon|afternoon,15m30m,Yes
pay,pharmacin,pharmacy,morning|noon|afternoon,0m15m,No
pick up,prescription,pharmacy,morning|noon|afternoon|evening|nighttime,15m30m,Yes
sell,medicine,pharmacy,morning|noon|afternoon|evening|nighttime,none,No
wait,line,pharmacy,morning|noon|afternoon,0m15m,No
examine,body,physiotherapist,morning|noon|afternoon,30m1h,Yes
exercise,hospital,physiotherapist,morning|evening,30m1h,No
exercise,leg,physiotherapist,morning|noon|afternoon,1h2h,Yes
help,recovery,physiotherapist,morning|noon|afternoon|evening,30m1h,Yes
lift,weight,physiotherapist,morning|noon|afternoon,1h2h,Yes
massage,oil,physiotherapist,morning|noon|afternoon|evening,2h,Yes
move back and forth,body,physiotherapist,morning|evening,none,No
receive,therapy,physiotherapist,morning|noon|afternoon|evening,30m1h,Yes
see,doctor,physiotherapist,morning|noon|afternoon,1h2h,Yes
visit,physical_therapist,physiotherapist,morning|noon|afternoon,15m30m,Yes
attend,church,place_of_worship,morning,1h2h,Yes
go,place_of_worship,place_of_worship,morning,0m15m,Yes
kneel,alter,place_of_worship,morning|noon|afternoon|evening|nighttime,0m15m,Yes
meet,person,place_of_worship,morning|noon|afternoon|evening,30m1h,Yes
meet,person,place_of_worship,morning|noon|afternoon|evening,30m1h,No
praise,God,place_of_worship,morning|noon|afternoon|evening|nighttime,2h,Yes
praise,God,place_of_worship,morning|noon|afternoon|evening,1h2h,Yes
pray,Bible,place_of_worship,morning|evening,1h2h,Yes
sing,hymn,place_of_worship,morning|evening,15m30m,Yes
worship,God,place_of_worship,morning|noon|afternoon|evening,1h2h,Yes
examine,problem,plumber,morning|noon|afternoon|evening|nighttime,15m30m,Yes
fix,leak,plumber,morning|noon|afternoon,30m1h,No
fix,leak,plumber,morning|noon|afternoon,30m1h,Yes
fix,pipe,plumber,morning|noon|afternoon,1h2h,Yes
install,vent,plumber,morning|noon|afternoon|evening,30m1h,Yes
plump out,river_basin,plumber,morning,0m15m,No
repair,sewage,plumber,morning,30m1h,No
repair,sink,plumber,morning,30m1h,Yes
specialize,beverage,plumber,noon,15m30m,Yes
unclog,toilet,plumber,morning|noon|afternoon|evening|nighttime,15m30m,Yes
address,military_officer,police,morning|noon|afternoon|evening|nighttime,15m30m,Yes
arrest,girl,police,noon|afternoon|evening|nighttime,15m30m,Yes
catch,thief,police,morning|noon|afternoon|evening|nighttime,15m30m,Yes
get,arrest,police,morning|noon|afternoon|evening|nighttime,30m1h,Yes
get,arrest,police,morning|noon|afternoon,0m15m,No
go to,jail,police,morning|noon|afternoon|evening|nighttime,none,Yes
issue,citation,police,morning|noon|afternoon|evening|nighttime,2h,Yes
press,charge,police,morning|noon|afternoon|evening|nighttime,1h2h,Yes
protect,station,police,morning|noon|afternoon|evening|nighttime,1h2h,No
protest,parking_ticket,police,morning,15m30m,Yes
buy,cast,post_office,morning|noon|afternoon,0m15m,Yes
buy,cast,post_office,morning|noon|afternoon,0m15m,Yes
buy,cast,post_office,morning|noon|afternoon,0m15m,Yes
mail,letter,post_office,afternoon,0m15m,Yes
mail,letter,post_office,morning|noon|afternoon|evening|nighttime,0m15m,Yes
mail,letter,post_office,morning|noon|afternoon,0m15m,Yes
purchase,envelope,post_office,morning|noon|afternoon,15m30m,Yes
send,letter,post_office,morning|noon|afternoon,0m15m,Yes
send,mail,post_office,morning|noon|afternoon,0m15m,Yes
send,mail,post_office,morning|noon|afternoon|evening,none,Yes
send,mail,post_office,morning|noon|afternoon,15m30m,Yes
assist,buyer,real_estate_agency,morning|noon|afternoon|evening,2h,Yes
buy,land,real_estate_agency,morning,15m30m,No
earn,committee,real_estate_agency,morning|noon|afternoon|evening,2h,Yes
give,check,real_estate_agency,morning|noon|afternoon,0m15m,Yes
look at,home,real_estate_agency,morning|noon|afternoon,2h,Yes
pay,rent,real_estate_agency,morning|noon|afternoon,0m15m,Yes
sell,land,real_estate_agency,morning|noon|afternoon|evening,none,Yes
sell,property,real_estate_agency,morning|noon|afternoon|evening,1h2h,Yes
talk about,house,real_estate_agency,morning|noon|afternoon,1h2h,Yes
write,contract,real_estate_agency,morning|noon|afternoon,30m1h,No
consume,breadstick,restaurant,noon|afternoon|nighttime,1h2h,Yes
eat,dinner,restaurant,afternoon|evening|nighttime,1h2h,Yes
eat,food,restaurant,morning|noon|afternoon|evening,30m1h,Yes
eat,food,restaurant,morning|noon|afternoon|evening|nighttime,30m1h,Yes
order,biriyani,restaurant,noon|afternoon|evening|nighttime,30m1h,Yes
order,dinner,restaurant,evening,0m15m,Yes
pay,bill,restaurant,morning|noon|afternoon,0m15m,Yes
sit down,table,restaurant,morning|noon|afternoon|evening|nighttime,0m15m,Yes
talk,friend,restaurant,morning|noon|afternoon|evening|nighttime,30m1h,Yes
tip,waiter,restaurant,morning|noon|afternoon|evening|nighttime,0m15m,Yes
contract,roofing,roofing_contractor,morning|noon|afternoon,2h,No
deal,roofing,roofing_contractor,morning|noon|afternoon,none,No
fix,roof,roofing_contractor,morning|noon|afternoon|evening,2h,No
get,roofer,roofing_contractor,morning|noon,30m1h,No
measure,roof,roofing_contractor,morning|noon|afternoon|evening|nighttime,30m1h,Yes
obtain,estimate,roofing_contractor,morning|noon|afternoon,30m1h,Yes
purchase,decoration,roofing_contractor,noon,2h,Yes
roof,building,roofing_contractor,morning|noon|afternoon,2h,No
tar,roof,roofing_contractor,morning|noon|afternoon,2h,Yes
write,contract,roofing_contractor,morning|noon|afternoon,30m1h,No
book,vehicle,rv_park,morning|noon|afternoon|evening|nighttime,2h,No
check,engine,rv_park,morning|noon|afternoon|evening|nighttime,30m1h,Yes
drive,vacation,rv_park,morning|noon|afternoon|evening|nighttime,2h,Yes
grill,hamburger,rv_park,noon|afternoon|evening,15m30m,Yes
leave,recreational_vehicle,rv_park,morning|noon|evening|nighttime,2h,No
parallel-park,vehicle,rv_park,nighttime,2h,No
park,recreational_vehicle,rv_park,morning|noon|afternoon|evening|nighttime,none,No
set up,dawdler,rv_park,morning,1h2h,Yes
sleep,overnight,rv_park,evening|nighttime,2h,Yes
stay,car,rv_park,morning|noon|afternoon|evening|nighttime,2h,Yes
stay,vehicle,rv_park,nighttime,2h,No
attend,class,school,morning|noon|afternoon|evening,1h2h,Yes
learn,book,school,morning|noon|afternoon|evening|nighttime,1h2h,Yes
learn,grammar,school,morning|noon|afternoon|evening|nighttime,2h,Yes
learn,mathematics,school,morning|noon|afternoon|evening,30m1h,Yes
learn,mathematics,school,morning,30m1h,Yes
study,English,school,morning,1h2h,Yes
take,attendance,school,morning,0m15m,Yes
teach,student,school,morning|noon|afternoon,2h,Yes
teach,student,school,morning|noon|afternoon|evening,none,Yes
write,word,school,morning|noon|afternoon|evening,2h,Yes
buy,shoe,shoe_store,afternoon,1h2h,No
buy,shoe,shoe_store,morning|noon|afternoon,15m30m,No
buy,shoe,shoe_store,morning|noon|afternoon,15m30m,Yes
buy,shoe,shoe_store,morning|noon|afternoon|evening,0m15m,Yes
buy,shoe,shoe_store,afternoon,15m30m,No
go,shop,shoe_store,morning,30m1h,No
go,shopping,shoe_store,morning,2h,No
purchase,shoe,shoe_store,morning|noon|afternoon|evening,15m30m,Yes
purchase,shoe,shoe_store,evening,15m30m,No
sell,shoe,shoe_store,morning|noon|afternoon|evening|nighttime,0m15m,No
try on,shoe,shoe_store,morning|noon|afternoon,15m30m,Yes
browse,shop,shopping_mall,morning|noon|afternoon|evening,2h,Yes
buy,apparel,shopping_mall,morning|noon|afternoon|evening,30m1h,Yes
buy,food,shopping_mall,morning|noon|afternoon,30m1h,Yes
drink,coffee,shopping_mall,morning|noon|afternoon|evening,30m1h,Yes
purchase,clothing,shopping_mall,morning|noon|afternoon,1h2h,Yes
shop,apparel,shopping_mall,morning|noon|afternoon|evening,1h2h,Yes
shop,building,shopping_mall,afternoon,none,Yes
shop at,boutique,shopping_mall,morning|noon|afternoon|evening,15m30m,Yes
visit,food_court,shopping_mall,morning|noon|afternoon|evening,15m30m,Yes
work,occupation,shopping_mall,morning|noon|afternoon|evening,2h,Yes
associate,balneotherapy,spa,afternoon,1h2h,Yes
get,massage,spa,morning|noon|afternoon,30m1h,Yes
get,massage,spa,morning|evening|nighttime,30m1h,Yes
get,massage,spa,morning|noon|afternoon|evening,1h2h,Yes
massage,oil,spa,noon,1h2h,No
massage,oil,spa,morning,1h2h,No
mix,medicine,spa,morning|noon|afternoon|evening,1h2h,Yes
receive,massage,spa,morning|noon|afternoon|evening|nighttime,1h2h,Yes
relax,bath,spa,morning|noon|afternoon,30m1h,Yes
soak,body,spa,morning|noon|afternoon|evening,1h2h,Yes
place,sector,stadium,afternoon,none,Yes
play,football,stadium,evening,1h2h,Yes
play,football,stadium,afternoon,2h,No
play,football,stadium,morning|afternoon|evening,1h2h,Yes
sit,chair,stadium,morning|noon|afternoon|evening|nighttime,2h,Yes
watch,ballgame,stadium,morning|noon|afternoon|evening|nighttime,2h,Yes
watch,basketball,stadium,noon|afternoon|evening|nighttime,2h,Yes
watch,football,stadium,evening,2h,Yes
watch,game,stadium,noon|afternoon|evening|nighttime,2h,Yes
watch,game,stadium,afternoon|evening|nighttime,2h,Yes
watch,sport,stadium,afternoon|evening,2h,Yes
buy,cabinet,storage,afternoon,30m1h,No
keep back,room,storage,morning|noon|afternoon|evening|nighttime,2h,Yes
lift,box,storage,morning|noon|afternoon|evening,30m1h,Yes
lock,door,storage,morning|noon|afternoon|evening|nighttime,0m15m,Yes
move,box,storage,morning|noon|afternoon,30m1h,Yes
pack,box,storage,morning|noon|afternoon|evening|nighttime,15m30m,Yes
store,good,storage,morning|noon|afternoon|evening|nighttime,2h,No
store,good,storage,morning|noon|afternoon|evening|nighttime,2h,No
store,good,storage,morning,2h,Yes
store,object,storage,morning|noon|afternoon|evening|nighttime,2h,Yes
unpack,box,storage,morning|noon|afternoon|evening,1h2h,No
buy,beer,store,morning|noon|afternoon|evening|nighttime,1h2h,Yes
buy,good,store,morning|noon|afternoon|evening|nighttime,15m30m,Yes
buy,merchandise,store,morning|noon|afternoon,15m30m,Yes
buy,merchandise,store,morning|noon|afternoon,15m30m,Yes
go,shopping,store,morning,30m1h,No
purchase,paper,store,morning|noon|evening,15m30m,No
push,cart,store,morning|noon|afternoon|evening|nighttime,15m30m,Yes
select,grocery_store,store,morning|noon|afternoon|evening,1h2h,Yes
select,watch,store,morning|noon|afternoon|evening,30m1h,Yes
walk around,shop,store,morning|noon|afternoon,15m30m,No
board,train,subway_station,morning|noon|afternoon|evening|nighttime,0m15m,No
enter,car,subway_station,morning|noon|afternoon|evening|nighttime,0m15m,Yes
ride,metro,subway_station,morning|noon|afternoon|evening,30m1h,No
ride,metro,subway_station,morning|noon|afternoon|evening|nighttime,30m1h,Yes
ride,train,subway_station,morning|noon|afternoon|evening|nighttime,0m15m,Yes
ride,train,subway_station,afternoon,none,Yes
ride,train,subway_station,morning|noon|afternoon|evening|nighttime,30m1h,Yes
wait,train,subway_station,morning|noon|afternoon|evening|nighttime,30m1h,Yes
wait,train,subway_station,morning|noon|afternoon|evening|nighttime,0m15m,Yes
walk,person,subway_station,morning|noon|afternoon|evening|nighttime,15m30m,No
attend,service,synagogue,morning|noon|afternoon|evening,1h2h,Yes
attend,wedding,synagogue,morning|noon|afternoon,1h2h,Yes
marry,spouse,synagogue,morning|noon|afternoon,1h2h,Yes
meet,person,synagogue,morning|noon|afternoon|evening,1h2h,Yes
practice,Judaism,synagogue,morning|noon|afternoon|evening,2h,No
pray,prayer,synagogue,morning,1h2h,No
worship,God,synagogue,morning,0m15m,No
worship,God,synagogue,morning|noon|afternoon|evening|nighttime,2h,Yes
worship,God,synagogue,morning|noon|afternoon|evening,30m1h,Yes
worship,pilgrim,synagogue,morning|noon|afternoon|evening,2h,Yes
board,cab,taxi_stand,morning|noon|afternoon|evening|nighttime,15m30m,No
call,cab,taxi_stand,morning|noon|afternoon|evening|nighttime,30m1h,Yes
catch,cab,taxi_stand,morning|noon|afternoon|evening|nighttime,0m15m,No
hail,cab,taxi_stand,morning,0m15m,Yes
hire,car,taxi_stand,nighttime,2h,Yes
pick up,cab,taxi_stand,noon,0m15m,Yes
ride,home,taxi_stand,morning|noon|afternoon|evening|nighttime,15m30m,Yes
wait,cab,taxi_stand,morning|noon|afternoon|evening|nighttime,2h,No
wait,cab,taxi_stand,morning|noon|afternoon|evening|nighttime,15m30m,Yes
wait on,bench,taxi_stand,afternoon,30m1h,Yes
arrive,train,train_station,morning|noon|afternoon|evening|nighttime,0m15m,No
board,train,train_station,morning|noon|afternoon|evening,15m30m,No
board,train,train_station,noon,0m15m,Yes
buy,ticket,train_station,morning|noon|afternoon|evening,0m15m,Yes
buy,ticket,train_station,noon,0m15m,Yes
buy,ticket,train_station,morning|noon|afternoon,0m15m,Yes
drop off,friend,train_station,morning|noon|afternoon|evening|nighttime,30m1h,Yes
purchase,ticket,train_station,morning|noon|afternoon|evening|nighttime,0m15m,Yes
ride,train,train_station,morning|noon|afternoon|evening,15m30m,Yes
travel,distance,train_station,morning|noon|afternoon|evening|nighttime,1h2h,No
book,trip,travel_agency,morning|noon|afternoon|evening,1h2h,Yes
buy,ticket,travel_agency,morning|noon|afternoon,0m15m,Yes
buy,ticket,travel_agency,noon|afternoon|evening,30m1h,Yes
buy,ticket,travel_agency,morning|noon|afternoon,15m30m,Yes
plan,trip,travel_agency,morning|noon|afternoon,30m1h,Yes
plan,trip,travel_agency,morning|noon|afternoon|evening,30m1h,Yes
plan,vacation,travel_agency,morning|noon|afternoon,30m1h,Yes
plan,vacation,travel_agency,morning|noon|afternoon|evening,15m30m,No
travel,travel_agency,travel_agency,morning|noon|afternoon,2h,No
travel purposefully,travel,travel_agency,afternoon|evening,30m1h,Yes
view,booklet,travel_agency,morning|noon|afternoon,15m30m,Yes
get,educate,university,morning|noon,1h2h,Yes
impart,education,university,morning|noon|afternoon|evening,none,Yes
meet,person,university,morning|noon|afternoon|evening,2h,Yes
receive,degree,university,morning|noon|afternoon|evening,none,Yes
study,college,university,morning,none,Yes
study,mathematics,university,morning|noon|afternoon|evening|nighttime,1h2h,Yes
study,student,university,morning,2h,Yes
tour,campus,university,morning|noon|afternoon,1h2h,Yes
visit,student,university,morning|noon|afternoon|evening,1h2h,Yes
visit,teacher,university,morning|noon|afternoon|evening,1h2h,Yes
bring in,cat,veterinary_care,morning|noon|afternoon|evening,30m1h,Yes
examine,animal,veterinary_care,morning|noon|afternoon|evening,15m30m,Yes
examine,pet,veterinary_care,morning|noon|afternoon|evening,1h2h,Yes
examine,pet,veterinary_care,morning|noon|afternoon,15m30m,Yes
take,pet,veterinary_care,morning|noon|afternoon,30m1h,No
treat,animal,veterinary_care,morning|noon|afternoon,1h2h,No
visit,doctor,veterinary_care,morning|noon|afternoon,30m1h,No
visit,dog,veterinary_care,afternoon,30m1h,Yes
visit,veterinarian,veterinary_care,morning|noon|afternoon,30m1h,Yes
visit,veterinarian,veterinary_care,morning|noon|afternoon|evening,1h2h,Yes
buy,food,zoo,morning|noon|afternoon,30m1h,Yes
look,animal,zoo,morning|noon|afternoon|evening,1h2h,Yes
look at,animal,zoo,morning|noon|afternoon,2h,Yes
pet,animal,zoo,noon|afternoon|evening,15m30m,Yes
see,animal,zoo,morning|noon|afternoon|evening,1h2h,Yes
see,animal,zoo,morning,30m1h,No
see,monkey,zoo,morning|noon|afternoon|evening,15m30m,Yes
visit,animal,zoo,morning|noon|afternoon,1h2h,Yes
visit,lion,zoo,morning|noon|afternoon|evening,2h,Yes
visit,lion,zoo,morning|noon|afternoon,30m1h,Yes