New Vehicle,None,activity_correct,2QB2D21O3W5XURY3H192TYEPSMK9FT
Home Improvement,Hardware store,General contractor,Department store,category_correct,2O5D2AC9KSSZ8OCGIDWU3KQO5AF0IW
Weight Loss,Health,category_correct,23YYTWX4H3H222JR1I7IFIJRIZY4ZE
Volunteer Work,Local government office,School,Store,Hospital,Establishment,activity_correct,2WBTUHYW2GTPMIPLKENMA69YZI9QL0
Vision Aid,Hospital,category_correct,2JJJ85OZIZEHZ1P3EXFQEEWP4FSAY6
Removed Braces,None,category_correct,2BWIXKO2L92HR3BOY6UYXCCF76JEDW
Expecting a Baby,Hospital,activity_correct,276RSQV66RLPU98H94NA4KI69HF4CI
New Licence,None,activity_correct,2CWE6AUBXHWSUYUZ1IMB8WDRSRYY2L
New School,School,category_correct,24DF395SW6NGE67HF7EJKYF1MTNFTZ
Study Abroad,Local government office,School,Travel agency,category_correct,2N6Y5COW0LGRCUNQJOCCFVNU6Q96X7
New Language,School,activity_correct,2HSG5R98D8J385MAK1KN7CG3T6EEU6
New Child,Hospital,category_correct,2C521O3W5XH0WG46ABBYNPLSW1ZHB8
Loss of Loved One,Hospital,category_correct,211Y8TNKIMZSZWZT91TOV0PG29YAX0
New Family Member,Hospital,category_correct,2WIU6L5OBVCIEICBWJ9JO7GU847GZD
New Sport,Amusement park,School,category_correct,2I3727M0IGFKU4GKQOJVO4VIVOUEZW
Organ Donor,Hospital,category_correct,22HW1INMHGYQHAI12KXBOMFFVSRJ6T
Changed Belief,School,activity_correct,2C21QP6AUC26Q7LL5AO340FK76I18U
Tattoo or Piercing,Hospital,activity_correct,2H51X3V0FK0C1BHX6AD7YKK9SLPMF3
Moved,Local government office,category_correct,2NHGFL6VCPWZMI2RORFVAS7SUX77ML
Marriage,Local government office,category_correct,2N58XMB3Q39ZD2L8LXXTDEVS0PLHS9
Published,School,category_correct,2Z7E4EGDHDM2ICNW1WQWFHEZDI8BL9
Achievement or Award,Local government office,School,activity_correct,2JJJ85OZIZEHZ1P3EXFQEEWP4FRYAT
Overcame Illness,Hospital,category_correct,2MPKNQY2RCJKJUE96C8R9KUIHK13SM
Registered To Vote,Local government office,activity_correct,28IS1CSTMOFX447IALSE7DNXQ9FROI
Military Service,None,category_correct,2KYX3YOCCF0C2WZBH29NRIXYNYJSRH
New Pet,Store,activity_correct,2U4J011K274JK0Z4OFS8W46U496DBV
Broken Bone,Hospital,category_correct,2XKSCXKNQY2RPAZKV8MECHR0ROC0PA
New Housemate,None,category_correct,2GAAA2SEIUUUDR34CT14RIS8ZWMPP4
Bought Home,Local government office,category_correct,2P30HFL42J1LBWNPZBYM9IGFRB7M13
New Vehicle,Store,activity_correct,25J14IXKO2L9F8TQOJXXCYOCJ9WCBW
Home Improvement,Store,category_correct,2KRHHRRLFQ0O0EA59ABHX9EGY51GPT
Weight Loss,Hospital,category_correct,2IBHSTLB3L0FOAOWGKAESREVLZLIUJ
Volunteer Work,Fire station,category_correct,23Q24E6AUBXH9JWL7U094BZWKLEW00
Vision Aid,None,category_correct,28O2GTP9RA7SIN1FYIPSXF70QG8VQL
Removed Braces,,category_correct,2R6CWA6X3YOCP6FQHEBXYTINPCPONQ
Expecting a Baby,None,activity_correct,2N6Y5COW0LGRCUNQJOCCFVNU6Q56X3
New Licence,None,category_correct,2JQ8TNKIMZSMIBUVKBFM9PGVMXABYZ
New School,University,category_correct,2ME6IAA2SEIU7LFEGZBKJ4IIZ2LNNB
Study Abroad,University,category_correct,2AGHOVR14IXK1T0NUQ5C5A6XASG78V
New Language,University,activity_correct,2B4STMOFXRDSH9RF674N6JFM8V2RUU
New Child,None,category_correct,2RQW2GTP9RA75WB0TF0Y1OF77DGUP7
Loss of Loved One,Airport,Train station,Moving company,category_correct,2X9MVHVKCJ01EBHLWSY9TQW682H75V
New Family Member,None,category_correct,2ZVTVOK5UFJ5EPM46XQF7QS1JMO58H
New Sport,Gym,University,activity_correct,21DFQ0ONNVRHEBW21N7RK76N23GLU1
Organ Donor,None,category_correct,2EXUUKQOYGNI9S260X70A07S2A3YG4
Changed Belief,University,category_correct,2RTQ6SVQ8H88ZH9KDEFB4CI1YRP5OH
Tattoo or Piercing,None,activity_correct,2UE05BMJTUHY9TV7HIIAGS5WTVZLGZ
Moved,Moving company,category_correct,28ENCWYB49F95J7VPASJXNSTCBZOS4
Marriage,None,category_correct,22IV66RLPHITG8AA24BIF2NJXWTF7K
Published,University,category_correct,2MOY2AOO2GMMR7328ZJCV6IAHWN55F
Achievement or Award,None,activity_correct,2T12NJKM05BMWK9VQ5TG2P9RH1LGB7
Overcame Illness,Pharmacy,category_correct,2M1KSSZVXX2QHW98CZFYPNIW8HNN5N
Registered To Vote,University,incorrect,2TOKUDD8XMB33UODSKXU2O6TB8ODOY
Military Service,None,category_correct,2AXBMJTUHYW2TK4NJJYSEWM1D3SNIW
New Pet,None,activity_correct,21FDWIOV1S7S0US783S37DZ8U2KYJ8
Broken Bone,Gym,category_correct,2M8W40SPW1INZ8VCIDA3WAB6I9FE15
New Housemate,Moving company,category_correct,2TOKUDD8XMB33UODSKXU2O6TB8PODA
Bought Home,None,category_correct,2CBE1M7PKK9L4NL2RJ30DLZXWF0SZ8
New Vehicle,None,category_correct,2JG9Z6KW4ZMAC8W5JU6Q9ONN2LA6FD
Home Improvement,Roofing contractor,category_correct,2BP3V0FK0COKFATFEGGKT9LR30IHOC
Weight Loss,Gym,category_correct,214JK63ZVE3H4RZ8AJH9SL5RA9UAZV
Volunteer Work,Lawyer,Clothing store,Food,category_correct,2118D8J3VE7W5J81QL73VCK8HNWYIX
Vision Aid,None,category_correct,2VOSBRI8IUB2BLOMBQJTUB3L7934GO
Removed Braces,None,category_correct,2S1NZW6HEZ6ORV5AZ2Z6IGUM9VVZP1
Expecting a Baby,None,activity_correct,2EAXKO2L92HEPNPKPCPOLCF0JJZEF7
New Licence,None,category_correct,2K5ZXR24SMEZCT1WCVE938P95X20H5
New School,None,category_correct,224GW40SPW1I0DWUQZVJCNABD580DV
Study Abroad,None,category_correct,2YRFYQS1CSTM16C551VIL1EYKHQLOM
New Language,None,activity_correct,2E6GDHDM25L8V02DOF8E86OEBKQEOT
New Child,None,category_correct,20QN5F3Q0JG56P1145PBD9F9ZMMCGB
Loss of Loved One,None,category_correct,2D9VWAVKI62NWHHFZBQ9IQH6IEFIQE
New Family Member,None,category_correct,28IS1CSTMOFX447IALSE7DNXQ9GORG
New Sport,Bowling alley,activity_correct,2ZKI2KYEPLSPKWZZEFNJCOAHX8JUOP
Organ Donor,None,activity_correct,2RQW2GTP9RA75WB0TF0Y1OF77DDUP4
Changed Belief,,activity_correct,2CYDG67D1X3VD6ZE4XB2SE1MEJFAH7
Tattoo or Piercing,None,category_correct,2PI0ONNVRH1KUFOS8027FNV9SEPWNB
Moved,Real estate agency,category_correct,2XNP3TVOK5UFWWGCZZ5O8FYQZV6635
Marriage,None,category_correct,28H36XBAT2D50HD1XOUQ9JG50SH40O
Published,None,category_correct,2M70CP5KXPTI09XBQPVPV7NYD0ZYZV
Achievement or Award,Lawyer,Bowling alley,activity_correct,286PLSP75KLMJNYHGJ8QNQVJYYGTZ0
Overcame Illness,None,category_correct,2YGGQSCM6IAAFJTWM3L09OQKR4WII9
Registered To Vote,None,activity_correct,25Y6RLPHIT3H8NP9CRX2WJQ281WH9Y
Military Service,None,category_correct,2TZ9KQW618N4JLCT4MV56CETU7MLN8
New Pet,None,category_correct,20WJ3NAB6BFMS63CQRK12JFDN8NGTZ
Broken Bone,Painter,Bowling alley,category_correct,2V0I9NZW6HEZJFTII5YTH69G1GVNXV
New Housemate,Cafe,activity_correct,2NXNQYN5F3Q0W7K7QVEC5YB4G94D9M
Bought Home,Real estate agency,category_correct,2JG9Z6KW4ZMAC8W5JU6Q9ONN2LCF6O
New Vehicle,Car rental,activity_correct,23YYTWX4H3H222JR1I7IFIJRIZ04ZG
Home Improvement,Real estate agency,Painter,Plumber,category_correct,2X1U8P9Y38TW9OXHK3PIV0JTHAHHYN
Weight Loss,Clothing store,category_correct,2HUJENLVWJ5O22FCNPQ87MWBE8JS0I
Volunteer Work,Synagogue,Meal delivery,category_correct,2G2UC26DG67DEOI9SOB0LOK2Q8V6D3
Vision Aid,None,category_correct,2REVHVKCJ011XTMIBG0KZW61FHX68W
Removed Braces,Dentist,category_correct,2USCOK2JE1M72BZND0N6XZAC7YENU3
Expecting a Baby,None,category_correct,2R5M25L8I9NZ9XWSRFFEDQW7020IS3
New Licence,None,activity_correct,2JRJMJUNU8LZJIME8EI9HD8JAP7H1O
New School,None,category_correct,23QMNCWYB49FMJ7696S1SONS0ZANRZ
Study Abroad,None,category_correct,2RAT3HVWAVKIJT2XIBS7BZ99XBZFNW
New Language,None,activity_correct,20Q2RCJK63ZVRUW5STLIJQ9JSZKW70
New Child,None,category_correct,2XW6UXFCD45XP58151ETTIN30AHUW0
Loss of Loved One,None,activity_correct,2HIEOZFYQS1C5K1276ID14IC88RILO
Broken Bone,Police,Bar,Park,category_correct,2R5M25L8I9NZ9XWSRFFEDQW7020SID
New Housemate,None,category_correct,21DPHIT3HVWA8BXKUWAQB172634CKF
Bought Home,None,category_correct,2PSOHOVR14IXXFHZ1B8ELWA64XT67B
New Vehicle,Bicycle store,category_correct,2DQOCCF0CP5KAG8WFR9X7G4PT1GUVR
Home Improvement,Home goods store,category_correct,2ZBWKUDD8XMBGHINR9263TO60Y9CNK
Weight Loss,None,category_correct,28M98JHSTLB3YRUPBI9OKJEJY8QFRM
Volunteer Work,None,category_correct,23VDHJHP4BDDX7JC00JXIX3GAZ1X4B
Registered To Vote,University,activity_correct,2WNHVKCJ011KFYJXZIBQ5618UY097O
Achievement or Award,University,activity_correct,2H5ZKPFE4EGDU41GXUZIINZWDB77HB
New Family Member,None,category_correct,2SDKH1Q6SVQ8UZN0I3XLEOBVJCWL2I
New Child,None,category_correct,2FD8I9NZW6HECX3SWZN72869NOFWMB
Moved,None,category_correct,254NHMVHVKCJDSGYUGVJG9KQ30U35L
New Pet,Shopping mall,University,activity_correct,223RI8IUB2YUMZYVK2CBCL0FID4I6I
Changed Belief,University,activity_correct,2EUJ1LY58B72KDFW8OBHM16YMMP7SX
Loss of Loved One,Cemetery,activity_correct,2P30HFL42J1LBWNPZBYM9IGFRB71MI
New School,University,category_correct,2TVNAB6BFMFF1PDWLAKJODGEZ6TIV7
Removed Braces,Dentist,category_correct,2GMFBNFSVGULSUOJK5XNP1FSAHR6KF
Bought Home,None,category_correct,2OWEGDHDM25LL9O1R5XHNZ6OLYKNDU
Vision Aid,Shopping mall,category_correct,2LEJTUHYW2GT206OZ1WWV1695MGKPY
Weight Loss,Gym,category_correct,2ZHSI2KYEPLS2YKYDVXWS3OAOK8TNJ
Expecting a Baby,None,category_correct,2BDY58B727M0V7UY9MS67FSVMYPAVW
Broken Bone,None,category_correct,2CFJKM05BMJT78DAUPKPIRA7ZZRIDA
New Language,Hindu temple,University,activity_correct,211ZJMJUNU8LCX6LSPWRI8D8QXP0G6
Overcame Illness,Gym,Dentist,category_correct,2CXL8I9NZW6HRQL26DHWGT86GANVLY
New Vehicle,None,activity_correct,2OKCWY2AOO2GZDTUGX7Q1CM6P4333V
New Sport,Gym,University,activity_correct,2MGK2JE1M7PKX005OFFZJC04STPWP6
Home Improvement,None,activity_correct,29CPFE4EGDHDZTKZ0R0N8W6HLT09JV
Study Abroad,University,category_correct,2K5ZXR24SMEZCT1WCVE938P95X3H0N
Military Service,None,category_correct,2ZNH8MZ9O9Z6XNJDEJQHQRRLMKS09D
Tattoo or Piercing,Shopping mall,activity_correct,2XM8LZ6R70G540NR0SUVN7WSZNI7NM
Marriage,Hindu temple,category_correct,2XW6UXFCD45XP58151ETTIN30AIUW1
New Housemate,None,activity_correct,2AXBMJTUHYW2TK4NJJYSEWM1D3TINS
New Licence,None,activity_correct,2LJI8IUB2YU9LAW6LU23U0FBQ3D7JI
Organ Donor,None,activity_correct,2SUKYEPLSP75XC1KOSUOJHQEXPEQWU
Published,University,category_correct,2IAUB2YU98JH5K0PVURFKJ9IV5DMAR
Volunteer Work,Library,Park,category_correct,28GCCF0CP5KX2KX1AROYP4PMEHTVWT
Registered To Vote,City hall,activity_correct,2WFCWYB49F9S5JWBTAAOWST5OZ6TPC
Achievement or Award,Bowling alley,Library,City hall,activity_correct,2VQHVI44OS2KYLNRFNQSKAP5IVUZ5F
New Family Member,None,category_correct,2T85TYMNCWYBH0UNK1JH611JVHKOKL
New Child,City hall,category_correct,29R2MIKMN9U820DH02NW6I3S1S9RAH
Moved,Storage,category_correct,23MHYW2GTP9RNY7JOVS6IYSOM1USNT
New Pet,None,activity_correct,2YC2JE1M7PKKMC6AYXQAL04L6RIXQS
Changed Belief,None,activity_correct,26UGTP9RA7S59DGK17JOO70JTBFWR0
Loss of Loved One,Park,City hall,Synagogue,Mosque,category_correct,20WJ3NAB6BFMS63CQRK12JFDN8NTGC
New School,Library,category_correct,2VQHVI44OS2KYLNRFNQSKAP5IVU5ZL
Removed Braces,None,category_correct,2VJGNTBJ3MMDAWU3ZWX2THB9T7QWAR
Bought Home,Finance,category_correct,2DFAB6BFMFFOBPX7T2AFMGESJULJWV
Vision Aid,None,category_correct,2NRKPFE4EGDHQDHJDH99WZW6O8UI84
Weight Loss,None,category_correct,22C9RJ85OZIZR81O2YDOXQ5E3JP8WY
Expecting a Baby,None,activity_correct,20K1CSTMOFXRQJJW4A5YMNXJMGVPSM
Broken Bone,None,category_correct,22NQ8H88MQU6YW3PNL910XX4HCBS9S
New Language,None,activity_correct,2G5G67D1X3V0SBFQGTTJN1M7WEFIB3
Overcame Illness,None,category_correct,2VSXULRGNTBJGD1RPE6PGN62RB66SY
New Vehicle,None,activity_correct,29EAZHHRRLFQDF21N081THO9LAMNEO
New Sport,Bowling alley,Park,activity_correct,2V7395SW6NG1SJI1QWAB7F1F6MUGUQ
Home Improvement,Furniture store,category_correct,2WU5L8I9NZW6U5EKGNVQ57T8D37UK3
Study Abroad,Library,category_correct,2QKNTL0XULRG0KQXVVDD65FPEH12OG
Military Service,None,category_correct,25I8H88MQU6LIFQ94RSR6X4APD6TAW
Tattoo or Piercing,None,category_correct,2KYX3YOCCF0C2WZBH29NRIXYNYJRSG
Marriage,City hall,Synagogue,Mosque,category_correct,2S9PCGJ2D21OGNKB99APYSI2RS65BD
New Housemate,None,activity_correct,2CKEIUUU00OQXBPIARJ812U2D2TTTJ
New Licence,None,activity_correct,262VKI62NJQ2EYHD1IHHFBKLJP7LT8
Organ Donor,None,category_correct,2JUHECWA6X3Y13RTSLG5TXPTPHBLM7
Published,None,category_correct,2QY7D1X3V0FKD33YUS51V7PKR3GKDN
Volunteer Work,None,category_correct,2WBTUHYW2GTPMIPLKENMA69YZIAQL1
Registered To Vote,None,activity_correct,2ZOZ9RNDWIOVEJM6FC4TPU1357SFUO
Achievement or Award,None,activity_correct,273NVP3TVOK576YJT7YQNOZF5KO14P
New Family Member,None,category_correct,2SCMN9U8P9Y3LKBAPRUS3YIM7DNEVV
New Child,None,category_correct,2DGU3K4F0OHO8IGIA6BOBL92O87108
Moved,None,activity_correct,280TNKIMZSM5X6W6UXD0YGVFACFZCM
New Pet,None,category_correct,2VW2J1LY58B7FY1EAP6KQD1659M6R9
Changed Belief,None,activity_correct,2PSOHOVR14IXXFHZ1B8ELWA64XQ769
Loss of Loved One,None,category_correct,2YVW5XH0JPPSVTZC6YCSY75KSGZLF0
New School,None,category_correct,2BC274J79KQWJSN1WFLXOCD4CR6GIH
Removed Braces,Health,category_correct,2O5D2AC9KSSZ8OCGIDWU3KQO5AH0IY
Bought Home,None,category_correct,2SL3HVWAVKI6FEY4UAY2899QO05GOC
Vision Aid,Health,category_correct,2GK8SV7WGKCC8C0H4JU3VHAPXY81R8
Weight Loss,Health,category_correct,2Z46SK9RJ85OC9ES9V1AYMOOXZ95T6
Expecting a Baby,Health,activity_correct,220SV7WGKCCVYCIQ2CUMQAPQB62S21
Broken Bone,Health,category_correct,2L5DP8PJWKUDQZC03CH3IZ0BDOO7I6
New Language,None,activity_correct,23D0XULRGNTBWU1056WFY7N69EBR5E
Overcame Illness,Pharmacy,Health,category_correct,2KMC26DG67D1AUAE7TRCXK2JLVFE72
New Vehicle,None,category_correct,2MU6DG67D1X38RUYSLFKBJE1T1IG9X
New Sport,None,activity_correct,2SFMHGYQ4J3NN2LP7V6FXYYI0VLAND
Home Improvement,Home goods store,Electrician,Electronics store,category_correct,2GJ70G5R98D8WUASZ5JS2NYCNXGCSV
Study Abroad,None,category_correct,24S0OQKKA4II5Z7GMBX89EW0JU1ZZL
Military Service,None,category_correct,2U4J011K274JK0Z4OFS8W46U494DBT
Tattoo or Piercing,None,category_correct,22NGULF395SWJEVF71UN7NJB59VQCK
Marriage,None,category_correct,2N9JHP4BDDKGHPN5K60XCG35EQ5Z6V
New Housemate,None,category_correct,2QXTYMNCWYB4M6O6K18XA1JOUMMLP3
New Licence,None,category_correct,2ORZ2MIKMN9ULGOCVHKW5XI3ZOU9QO
Organ Donor,Health,category_correct,2NMCF806UFBNSJAUMU63I5SWDHAE03
Published,None,category_correct,2CJCJK63ZVE3UIFYMR1QIJL5YX89YO
Volunteer Work,Church,category_correct,2NTX3V0FK0COXTYSTVYPTK9LYQ1NG5
Registered To Vote,None,activity_correct,28ENCWYB49F95J7VPASJXNSTCBYOS3
Achievement or Award,Fire station,Church,activity_correct,2F3MJTUHYW2G6GO52GJ55M16GSIJOF
New Family Member,None,category_correct,2AXBMJTUHYW2TK4NJJYSEWM1D3TNIX
New Child,None,category_correct,2N0XMB3Q39Z0OX97GFK4NVST2LETI3
Moved,None,activity_correct,27VV0FK0COK2W5G0ZYBKILRWDIRIPL
New Pet,None,activity_correct,2UKSZVXX2Q457LZ4G77NRW1NZ2J7PI
Home Improvement,None,activity_correct,2N5P8PJWKUDDLO1PVZU980B61NIJ8G
Study Abroad,Museum,category_correct,2R6CWA6X3YOCP6FQHEBXYTINPCQNOQ
Military Service,None,category_correct,24VK4F0OHOVREVXBCXTLI2HEJQ332K
Tattoo or Piercing,Department store,activity_correct,2XDVWJ5OPB0Y87EMQVNBGEP91XTW4F
Marriage,,category_correct,26WZMAZHHRRLSHF2FWMRQ1KHV37CLG
New Housemate,None,activity_correct,21DFQ0ONNVRHEBW21N7RK76N23ELUZ
New Licence,None,category_correct,2YMQIHPCGJ2DFS3HOEOH9JPPZCV28B
Organ Donor,None,category_correct,2JCSSZVXX2Q4IL9YIXPGWIW1UM2O6I
Published,Museum,category_correct,2UIW618N46UXS3SIX63E2NDSUNFQOI
Volunteer Work,Courthouse,Hospital,activity_correct,200H88MQU6L512AQAAIX64AIQ90UBL
Registered To Vote,Post office,Courthouse,activity_correct,2YMQIHPCGJ2DFS3HOEOH9JPPZCU28A
Achievement or Award,Stadium,activity_correct,2YG2GMMEGOOG3JR0YR1ABSEI1ONAAU
New Family Member,Courthouse,category_correct,2CZ4J79KQW61LEJKM66CM45XJ8LKIM
New Child,Hospital,category_correct,21DPHIT3HVWA8BXKUWAQB172633KCM
Moved,None,category_correct,27CNQY2RCJK6GQASVQI0TUIAX3CT4N
New Pet,None,activity_correct,2EB3NAB6BFMFSFDCA2STSFDGLM7HUQ
Changed Belief,None,activity_correct,2YI1SNQQ7Q67DWG4CLERA2TQJVRT9K
Loss of Loved One,Funeral home,Hospital,category_correct,2GZD1X3V0FK0PFZGBNSMGPKKGFLELC
New School,Subway station,Train station,category_correct,2HWJ79KQW6180VL8PO3DD5XCLNHJL2
Removed Braces,Doctor,Hospital,category_correct,2RSJPPSI2KYE2C73ZEBLV6WJAI4KQR
Bought Home,Courthouse,category_correct,26W0SPW1INMHTP5IBCEAK6BFT9AG3I
Vision Aid,Doctor,Hospital,category_correct,2APULRGNTBJ3ZDSBXOG7W62KO51T76
Weight Loss,Doctor,Hospital,category_correct,2NTX3V0FK0COXTYSTVYPTK9LYQYGNV
Expecting a Baby,Post office,Store,Courthouse,Funeral home,ATM,Doctor,Subway station,Beauty salon,Roofing contractor,Hospital,Stadium,Train station,category_correct,2EYUXFCD45XCRK2RKWKKRN3TNJXVXK
Broken Bone,Doctor,Roofing contractor,Hospital,Stadium,category_correct,2LUYU98JHSTLOU0E7KA9ROBJLDLPDS
New Language,None,activity_correct,2N6Y5COW0LGRCUNQJOCCFVNU6Q7X6W
Overcame Illness,Doctor,Hospital,category_correct,2TVNAB6BFMFF1PDWLAKJODGEZ6VIV9
New Vehicle,None,activity_correct,2H51X3V0FK0C1BHX6AD7YKK9SLPFMW
New Sport,Stadium,activity_correct,224GW40SPW1I0DWUQZVJCNABD59D09
Home Improvement,Roofing contractor,category_correct,2XW6UXFCD45XP58151ETTIN30AIWU3
Study Abroad,None,activity_correct,2CWSMEZZ2MIKZEO80Y0YC8TW3RAM5J
Military Service,None,category_correct,2ZYAUC26DG67QSCHN96K9COK9DAC5V
Tattoo or Piercing,Store,Doctor,Beauty salon,Hospital,activity_correct,2BUA1QP6AUC2J4VKZMSXCV0FRU6073
Marriage,Courthouse,category_correct,25ZWGKCCVLL3P1IHEQ1PZ4C9UKL5VI
New Housemate,None,category_correct,2GZD1X3V0FK0PFZGBNSMGPKKGFMLEK
New Licence,Courthouse,activity_correct,2JJJ85OZIZEHZ1P3EXFQEEWP4FQYAS
Organ Donor,Courthouse,Hospital,category_correct,2ZYAUC26DG67QSCHN96K9COK9D9C5U
Published,Post office,activity_correct,2LFFSVGULF39IJBKFPSF13NYUD59NZ
New Licence,None,activity_correct,273NVP3TVOK576YJT7YQNOZF5KN14O
Broken Bone,General contractor,category_correct,2E1F9SSSHX11WF26LE85O8J4VJWVZI
New Child,None,category_correct,2LFVP3TVOK5USAKFQGHEXZFYXMV25A
Military Service,None,category_correct,22C9RJ85OZIZR81O2YDOXQ5E3JR8W0
Organ Donor,None,activity_correct,224XKNQY2RCJXXIDNNUH00KUP4L2RP
New Pet,Shopping mall,Veterinary care,category_correct,2N867D1X3V0FXRR2CBAEAM7PRE2CJE
Moved,Establishment,Lodging,category_correct,2OJSQV66RLPHVKIVN51VTI62UDKD5U
Bought Home,None,category_correct,2IEZ9O9Z6KW4CDPD9QIRUFQ0VHG3CT
Overcame Illness,None,category_correct,2WGFXRDS4IC1RPS1PS6MA1A2PPRYVT
New School,None,category_correct,25GK5UFJ51Y7353D77HSACSTTI8B8M
Published,None,category_correct,2V7Q0ONNVRH1X83N6PIBG6NVGFCMVQ
New Language,Establishment,Lodging,activity_correct,259VKCJ011K2KVYL1THWF18NB0PA8S
Expecting a Baby,Shopping mall,Hardware store,Aquarium,Veterinary care,Airport,Establishment,Home goods store,Lodging,Bicycle store,Park,General contractor,category_correct,27UQ45UUKQOYTEXATWJ8XG0171KVDH
Tattoo or Piercing,Shopping mall,category_correct,2EAXKO2L92HEPNPKPCPOLCF0JJXEF5
Weight Loss,Lodging,category_correct,25CI62NJQ217FQONIQXBTLCVL5ONVT
Loss of Loved One,Veterinary care,category_correct,2NTX3V0FK0COXTYSTVYPTK9LYQZGNW
Volunteer Work,Shopping mall,Hardware store,Veterinary care,Home goods store,Park,category_correct,2AGUQIHPCGJ2QTG2V5WXQ0JPWMB176
Registered To Vote,None,activity_correct,2L5DP8PJWKUDQZC03CH3IZ0BDOOI7H
New Sport,Bicycle store,Park,activity_correct,21KQV66RLPHI6UW9OJMKR62NQKV6EV
Study Abroad,None,category_correct,2XIY2RCJK63Z85IVJ9BURAQ9QF16V4
Marriage,None,category_correct,22KCXKNQY2RCWBLHR453QR0K1C31Q4
New Vehicle,Shopping mall,Bicycle store,activity_correct,2GAAA2SEIUUUDR34CT14RIS8ZWOPP6
Achievement or Award,Establishment,category_correct,218NTBJ3MMDXI64LFFTKQB9MKRIXBH
Home Improvement,Hardware store,category_correct,20WJ3NAB6BFMS63CQRK12JFDN8LGTX
New Housemate,Lodging,category_correct,2VOSBRI8IUB2BLOMBQJTUB3L796G43
Changed Belief,None,category_correct,23DB3L0FBJ9I12YSB05VN5RPYWHYME
New Family Member,None,category_correct,28349F9SSSHXESY2F1K5Q5F8QYIXT7
Removed Braces,None,category_correct,2K49KSSZVXX23VK8MTHO7GNI3VGM4F
Vision Aid,Shopping mall,category_correct,2RN8ER9Y8TNKVDE6EEBFQS2OTUIT68
New Licence,Courthouse,category_correct,2QKNTL0XULRG0KQXVVDD65FPEHZ2OE
Broken Bone,Fire station,Pharmacy,Amusement park,category_correct,25EEC1PC6SK94ANJG89ZNHMAHJEO0F
New Child,None,category_correct,24M00OQKKA4IVJN6U3T6H0EW76VYY4
Military Service,Courthouse,category_correct,2DI0JG5TYMNC9PQI1O0S1SHX8VEHLW
Organ Donor,Pharmacy,Insurance agency,Courthouse,category_correct,2QCCCVLL3CA3GDWOHZVCINQUERRY8P
New Pet,Pet store,activity_correct,2Z9IT3HVWAVKVXH1BZT1G2Z9GKBEME
Moved,None,category_correct,2R9RRLFQ0ONN8IWFCQF9NGRBE0FIRD
Bought Home,None,category_correct,29EAZHHRRLFQDF21N081THO9LAJENC
Overcame Illness,Pharmacy,category_correct,240Y1THV8ER9BZ81CRDZ1M5KMBLO1J
New School,None,category_correct,28TTHV8ER9Y86EZWE8JMEKFHZWHQ3L
Published,None,category_correct,24FU8LZ6R70GIIOM5HA34E7WZMMM60
New Language,None,activity_correct,23DB3L0FBJ9I12YSB05VN5RPYWGMY1
Expecting a Baby,None,category_correct,2BANMHGYQ4J301QK3ODFOOYYPNX9M1
Tattoo or Piercing,None,activity_correct,2LDYHVI44OS2XC9M5W5Z1BAPC5W4YP
Weight Loss,None,category_correct,22LMOFXRDS4IPSTC5WOJOM11HW9WTA
Loss of Loved One,Hindu temple,Insurance agency,category_correct,23YS8SV7WGKCPM0ZVL13CMHAWKYQ0R
Volunteer Work,Hindu temple,Museum,Food,activity_correct,2X4WYB49F9SS58CFTSFN1T5HC9ZQUR
Registered To Vote,Fire station,Courthouse,activity_correct,22TCSTMOFXRD5VXQTNPDWXJFTVUQT2
New Sport,None,activity_correct,2WIU6L5OBVCIEICBWJ9JO7GU848ZGX
Study Abroad,None,category_correct,2Z5OBDDP8PJWXLSR06DBCQ396U74FT
Marriage,Courthouse,category_correct,2L5PGFL6VCPWC061559O41S7ZHY6LK
New Vehicle,Insurance agency,activity_correct,2LDYHVI44OS2XC9M5W5Z1BAPC5SY4F
Achievement or Award,Fire station,Electronics store,Insurance agency,Courthouse,Casino,activity_correct,2HOGKCCVLL3CNUI09JGQDC9NXO36WE
Home Improvement,None,category_correct,2Z8SNTL0XULRTE8PBCDMMX5FW1HN14
New Housemate,None,activity_correct,2E66AUBXHWSHK60N142Z5DRL4Z0Z3M
Changed Belief,Hindu temple,activity_correct,24FU8LZ6R70GIIOM5HA34E7WZMN6ML
New Family Member,Courthouse,category_correct,2BUA1QP6AUC2J4VKZMSXCV0FRU870C
Removed Braces,None,category_correct,2O4WA6X3YOCCSRR3XTOP2INIPRROPN
Vision Aid,Pharmacy,category_correct,22N7WGKCCVLLG3PHVV8AYQ4CGHK4UQ
New Licence,School,activity_correct,20TSNQQ7Q670IS5Y4WI1BTQC8RHAU8
Broken Bone,None,category_correct,27EB3Q39Z0B67K3KLD5V1TVRRAJVKW
New Child,None,category_correct,226IUUU00OQKX1JWA1ZSBU26FU6UU1
Military Service,None,category_correct,2IEQU6L5OBVCVS6BPD1ISF7G1V2YF4
Registered To Vote,Local government office,activity_correct,2UHFE4EGDHDMFW0MAIEZ56HE60IKAK
New Sport,None,activity_correct,299HRRLFQ0ON0M6VTT8OIEGRI10HQK
Study Abroad,None,activity_correct,29PR24SMEZZ2Z9Z0FIL8Y9Y3FNPJ2C
Marriage,Local government office,category_correct,2HIEOZFYQS1C5K1276ID14IC88SLIS
New Vehicle,None,category_correct,2YMQIHPCGJ2DFS3HOEOH9JPPZCX28D
Achievement or Award,None,activity_correct,2MHWZ9RNDWIO8S7LKWUD2GU1AS7TEU
Home Improvement,Store,Painter,activity_correct,2Y91XERSQV664C4VA2UH4WAVRC019J
New Housemate,None,category_correct,28O2GTP9RA7SIN1FYIPSXF70QGAQVI
Changed Belief,None,activity_correct,2ABG5TYMNCWYOVOT11JSQX11QIFJN2
New Family Member,Doctor,category_correct,2EYUXFCD45XCRK2RKWKKRN3TNJWVXJ
Removed Braces,Doctor,category_correct,2ORZ2MIKMN9ULGOCVHKW5XI3ZOSQ93
Vision Aid,Doctor,category_correct,26QB49F9SSSHASGXGWJTEH5FFDYWSO
New Licence,None,activity_correct,2AKPW1INMHGY3VYHFJ26KFMFMIS5IO
Broken Bone,Moving company,Subway station,University,category_correct,2IQ1THV8ER9YLK2YAVQSV5KFOMV2PV
New Child,Health,category_correct,2H5ZKPFE4EGDU41GXUZIINZWDB8H7M
Military Service,None,category_correct,20SONNVRH1KH10TUJKY6WV9LRQ1OXC
Organ Donor,Health,category_correct,2ERMAZHHRRLF3R31F4IHAKHOG89MDS
New Pet,None,activity_correct,2NGBDDP8PJWK74SMPV23Z39Z7515GX
Moved,RV park,Moving company,University,category_correct,2G2UC26DG67DEOI9SOB0LOK2Q8U6D2
Bought Home,Moving company,ATM,category_correct,299HRRLFQ0ON0M6VTT8OIEGRI1ZQHS
Overcame Illness,Health,Physiotherapist,category_correct,23UD5NQYN5F33RYUX2PMWCWYIY47BX
New School,University,category_correct,2GK8SV7WGKCC8C0H4JU3VHAPXY61R6
Published,University,category_correct,24DRGNTBJ3MMQOKTHGE6BKHBGG89VH
New Language,University,category_correct,2MYSK9RJ85OZVQTVEJ1PVOOQC8P6UC
Expecting a Baby,Health,category_correct,2UE05BMJTUHY9TV7HIIAGS5WTV1LG1
Tattoo or Piercing,None,activity_correct,273AT2D5NQYNI6I4SS752YMNJQS84E
Weight Loss,Health,category_correct,2BIP6AUC26DGJYSFPCM0OK0CVEV3AR
Loss of Loved One,Synagogue,Place of worship,category_correct,2LYBFMFFOYYI6S8X7M7E1C0R4QJZM4
Volunteer Work,Synagogue,University,activity_correct,2P30HFL42J1LBWNPZBYM9IGFRB91MK
Registered To Vote,None,activity_correct,2Z5OBDDP8PJWXLSR06DBCQ396U44FQ
New Sport,None,activity_correct,22KCXKNQY2RCWBLHR453QR0K1C41Q5
Study Abroad,Synagogue,University,Place of worship,activity_correct,211ZJMJUNU8LCX6LSPWRI8D8QXOG0L
Marriage,Place of worship,category_correct,2KSRYNJ92NJKZRKPESKUQYW2NNJB61
New Vehicle,None,category_correct,2C55NQYN5F3QDAVJL7DNLWYBB3BC8X
Achievement or Award,University,activity_correct,2UWF0OHOVR14VOZ2UU02QECWH0S54A
Home Improvement,None,category_correct,2YMQIHPCGJ2DFS3HOEOH9JPPZCW82I
New Housemate,None,category_correct,2YFNVRH1KHO9R76PZFEVILKWERHQZJ
Changed Belief,Place of worship,activity_correct,2CBENLVWJ5OPORD988ZYVWB7LJ2T1A
New Family Member,Synagogue,Place of worship,category_correct,2TNCNHMVHVKCWRGFCBY4S79KXQ1428
Removed Braces,None,category_correct,211Y8TNKIMZSZWZT91TOV0PG29VXAK
Vision Aid,None,category_correct,2SUKYEPLSP75XC1KOSUOJHQEXPDWQZ
New Licence,Car rental,Car dealer,category_correct,2AGNNVRH1KHOM5V53GXN49LK31QYP8
Broken Bone,Hospital,category_correct,2FJ98D8J3VE79J77F73GCMCKF4NXHX
New Child,Hospital,category_correct,2CYDG67D1X3VD6ZE4XB2SE1MEJDHAC
Military Service,,category_correct,2CB1LY58B727ZRXU7T8DA6YFZP88T9
Organ Donor,Hospital,category_correct,2CFJQ2172Z9938LPCU3VNBU1ADGZRQ
New Pet,None,activity_correct,2BI6SVQ8H88M3LLZXX2VLI1R4RY6PH
Moved,None,category_correct,2V0I9NZW6HEZJFTII5YTH69G1GVXN5
Bought Home,None,category_correct,2GKVQ8H88MQUJCK2343IARXXB4C8RX
Overcame Illness,Hospital,category_correct,2SHDOBDDP8PJ9B9R5HOMK3Q3GTV3EO
New School,None,category_correct,2C9ECWA6X3YOP3UE4YWK6PTIUCCNMC
Published,None,category_correct,2F0B727M0IGFX8SFY76S4F4VPINYDU
New Language,Travel agency,category_correct,2PSOHOVR14IXXFHZ1B8ELWA64XR679
Expecting a Baby,Hospital,activity_correct,2NUAC9KSSZVXAT5IX3LKZOYGUCQK2D
Tattoo or Piercing,None,category_correct,2GCW4ZMAZHHR4CU4SXEN4RH1RBIAJB
Weight Loss,Gym,category_correct,22LLB3L0FBJ9VFQX6SIE4E5RWLVLXR
Loss of Loved One,Hospital,category_correct,23D0XULRGNTBWU1056WFY7N69ECR5F
Volunteer Work,Hospital,category_correct,2XEHGYQ4J3NAOXQTEO6O7YIT8NCBOP
Registered To Vote,None,activity_correct,2X1U8P9Y38TW9OXHK3PIV0JTHAIYH5
New Sport,Gym,activity_correct,2Y1Z6KW4ZMAZU865DOH0XNNVYBWG7N
Study Abroad,Travel agency,activity_correct,247J51Y7QEOZSP56TLJTVOFXY7NFCG
Marriage,Florist,Lawyer,category_correct,2O3DPGFL6VCP9QO5FMNIXV1SEMHK5E
New Vehicle,Car rental,Car dealer,category_correct,2V33L0FBJ9IOOATXJNMEERPR9GVNZU
Achievement or Award,Gym,activity_correct,298KPEIB9BAWYJ1BHZWV6UD3TNKX0U
Home Improvement,None,activity_correct,2SDKH1Q6SVQ8UZN0I3XLEOBVJCU2LX
New Housemate,None,category_correct,2F0B727M0IGFX8SFY76S4F4VPINDY9
Changed Belief,None,activity_correct,28URCJK63ZVEG86EC39AZ9JLCLW8XS
New Family Member,Hospital,category_correct,2D7DEY5COW0LTIEH0LIFUC6VUORV44
Removed Braces,Hospital,category_correct,2QXTYMNCWYB4M6O6K18XA1JOUMNLP4
Vision Aid,Hospital,category_correct,224M6IAA2SEI7L9ESXHKTA4IPM0MM9
Volunteer Work,Fire station,category_correct,2790JPPSI2KYRG06HGWKUM6WQXHPJ5
Study Abroad,Florist,category_correct,2UEN9U8P9Y386NBBACJU7IM0QN5FWP
Military Service,None,category_correct,2VSXULRGNTBJGD1RPE6PGN62RB76SZ
Published,None,category_correct,2ZVTVOK5UFJ5EPM46XQF7QS1JMN58G
Vision Aid,None,category_correct,2F0B727M0IGFX8SFY76S4F4VPIPYDW
Bought Home,None,category_correct,2AJYNJ92NJKMDWQ0B2LH7W2G0J47C4
New School,None,category_correct,2I6BDPGFL6VC2NENJW4WROV1Z1M4JU
New Housemate,None,category_correct,2YC5UFJ51Y7QRFETQZJ1LSTMV9TC9M
New Family Member,None,category_correct,2HSG5R98D8J385MAK1KN7CG3T6FEU7
New Vehicle,None,category_correct,2JJJ85OZIZEHZ1P3EXFQEEWP4FRAY5
New Language,None,activity_correct,2WYIAA2SEIUU7RF2ITBADIISFMVOO6
Achievement or Award,None,activity_correct,25H3TVOK5UFJISDLINFZOYQS86N47O
Weight Loss,Night club,Spa,category_correct,276RSQV66RLPU98H94NA4KI69HDC4O
New Pet,None,activity_correct,28TTHV8ER9Y86EZWE8JMEKFHZWIQ3M
Overcame Illness,None,category_correct,27CNQY2RCJK6GQASVQI0TUIAX3E4T0
Tattoo or Piercing,Jewelry store,category_correct,276RSQV66RLPU98H94NA4KI69HE4CH
Loss of Loved One,None,category_correct,2XLL0XULRGNTOAI0EMO5OP7NDWD4QK
New Child,None,category_correct,2RGVR14IXKO2Y0HV6LNAFX3YV65A9F
Expecting a Baby,None,category_correct,2DGU3K4F0OHO8IGIA6BOBL92O85015
Changed Belief,None,activity_correct,2TVNAB6BFMFF1PDWLAKJODGEZ6UVIL
Broken Bone,Furniture store,Night club,Spa,Fire station,category_correct,29EAZHHRRLFQDF21N081THO9LAKNEM
Registered To Vote,None,activity_correct,2LJI8IUB2YU9LAW6LU23U0FBQ3C7JH
Removed Braces,None,category_correct,2Z46SK9RJ85OC9ES9V1AYMOOXZ8T5T
New Licence,None,category_correct,224XKNQY2RCJXXIDNNUH00KUP4K2RO
Marriage,Night club,Mosque,category_correct,2DGU3K4F0OHO8IGIA6BOBL92O86107
Moved,None,category_correct,2BQ7QEOZFYQSE377EX6X0DS4P6UGJS
Home Improvement,Florist,Furniture store,category_correct,2VYVCPWZ9RND9939T1YSW3DTNOVBQY
New Sport,None,activity_correct,2WS5BMJTUHYWF783101715WM802HMW
Organ Donor,None,category_correct,2I6BDPGFL6VC2NENJW4WROV1Z1LJ48
Volunteer Work,Museum,Aquarium,category_correct,20W5UUKQOYGNVNG1KHFG9107ZP9FXG
Overcame Illness,Physiotherapist,category_correct,25GX7H57DZKPS5JS8M8DV25LFC41BU
Tattoo or Piercing,None,incorrect,2FJ98D8J3VE79J77F73GCMCKF4MXHW
Loss of Loved One,Place of worship,category_correct,2B0N46UXFCD4IORSLW4SWTKIUXOSUM
New Child,None,category_correct,2VYVCPWZ9RND9939T1YSW3DTNOVQBD
Expecting a Baby,None,category_correct,2W6C1PC6SK9RWZK2RRQEQMAAWGK1PG
Changed Belief,Place of worship,activity_correct,2M7806UFBNFS879Z7C051W6NNV9G26
Broken Bone,Physiotherapist,category_correct,2J0JHSTLB3L0S2YNAX2JNJRE28ZHTY
Registered To Vote,None,category_correct,2RQ5PQJQ9OPLYORLMVIXP8KCVTG0Y5
Removed Braces,None,category_correct,2UA62NJQ2172C0O49F2KUCVEIOVOWJ
New Licence,None,category_correct,2WBUNU8LZ6R7D7K51H48S3VEEQN4KU
Marriage,Place of worship,category_correct,2BNP9746OQ1S0H5LIFY0E1QKJHLM2K
Moved,None,category_correct,2EYUXFCD45XCRK2RKWKKRN3TNJYVXL
Home Improvement,Electrician,Hardware store,category_correct,2WS5BMJTUHYWF783101715WM803MH2
New Sport,None,activity_correct,2IS6UFBNFSVG7CUH1EJWFNG1MMZ4IK
Organ Donor,None,activity_correct,2APULRGNTBJ3ZDSBXOG7W62KO547TN
Volunteer Work,None,category_correct,2A4OK2JE1M7PXBOZJ5XO8AC0BFSOV8
Study Abroad,None,category_correct,2CWE6AUBXHWSUYUZ1IMB8WDRSR02YR
Military Service,None,category_correct,2TOKUDD8XMB33UODSKXU2O6TB8QDO0
Published,None,category_correct,2UEN9U8P9Y386NBBACJU7IM0QN4WF5
Vision Aid,Doctor,category_correct,2UMDD8XMB3Q3MQFPY3KOFT4E2MNFQK
Bought Home,Shopping mall,General contractor,Plumber,category_correct,2QMLF395SW6NTSU6VWPNSBYF89TSE4
New School,None,category_correct,2CXL8I9NZW6HRQL26DHWGT86GAOLVP
New Housemate,Lodging,category_correct,26NOX7H57DZK26TI6P4HMM25S2DA05
New Family Member,None,category_correct,2K49KSSZVXX23VK8MTHO7GNI3VH4MY
New Vehicle,None,activity_correct,27J24SMEZZ2MVB1113ZPIY380QQ3K7
New Language,None,activity_correct,2VW2J1LY58B7FY1EAP6KQD1659MR6U
Achievement or Award,Bakery,Synagogue,Hindu temple,Doctor,Plumber,Establishment,activity_correct,2HW6OQ1SNQQ73XMEXAHKLNR19NM6QA
Weight Loss,None,category_correct,2DLVOK5UFJ51BY5SG86YZS1CZNG69M
New Pet,None,activity_correct,2598MZ9O9Z6K9VE0288H0RLFXUJ1AZ
Overcame Illness,Doctor,category_correct,2ZO1INMHGYQ4WU2O3F2FVFFO5SC7KG
Tattoo or Piercing,None,activity_correct,2A85R98D8J3VRYB6K2EYLG3MJE3FVF
Loss of Loved One,None,category_correct,2C521O3W5XH0WG46ABBYNPLSW1ZBH2
New Child,Doctor,category_correct,25OJ5OPB0YVGCZD0OKYEY9U38W16YB
Expecting a Baby,Bakery,Synagogue,Lodging,Roofing contractor,Shopping mall,Car repair,Hindu temple,General contractor,Doctor,RV park,Plumber,Establishment,category_correct,20NJ8EBDPGFLJMR3O80RWDWIVPW1GB
Changed Belief,Synagogue,Hindu temple,activity_correct,2IPMB3Q39Z0BJL82Y2VE4STVYEAJUW
Broken Bone,Lodging,Roofing contractor,General contractor,Doctor,RV park,category_correct,2PC0COK2JE1MKGZY1UIWFOZAJUZTMK
Registered To Vote,None,activity_correct,2IHJWKUDD8XMOU5H18RBFUTODNXBMA
Removed Braces,Doctor,category_correct,2BG3W5XH0JPP59HYQNGL1P75RFGEK9
New Licence,None,activity_correct,2Y4CF0CP5KXP692WA6PGDPM7USZXWW
Marriage,Synagogue,Hindu temple,category_correct,26TINMHGYQ4JGEPPYK6MOFOY5CN8L7
Moved,None,activity_correct,2SSOUQIHPCGJF4HFGCN56H0JWJM064
Home Improvement,Roofing contractor,General contractor,Plumber,category_correct,22IV66RLPHITG8AA24BIF2NJXWWF7N
New Sport,None,activity_correct,22KZVXX2Q45U7B52QPEI51NSFIAQ8E
Organ Donor,Doctor,category_correct,28XCOW0LGRZ3L36TDLXVWUZWKLV8ZQ
Volunteer Work,None,category_correct,2N5P8PJWKUDDLO1PVZU980B61NHJ8F
Study Abroad,Travel agency,Train station,category_correct,2Q7L6VCPWZ9R04BWG4SSGSN3KNB9OF
Military Service,None,category_correct,258ULF395SW607GTKCEYWJBYMVADR9
Published,Book store,category_correct,29BMJUNU8LZ64YFUX008M8J3281I20
Vision Aid,None,category_correct,2N867D1X3V0FXRR2CBAEAM7PRE4CJG
Bought Home,Bank,Lawyer,Finance,category_correct,2YV3FDEY5COWDCV5RCZC0FLCDPHT2S
New School,,category_correct,277B0HFL42J1YPKM3GT7V0IGMEB0LC
New Housemate,None,activity_correct,22FTL0XULRGN62YHEV4XEFP7U0WP3U
New Family Member,Lawyer,City hall,Local government office,category_correct,2OWBLYHVI44O5TZZMH4NNZSBHJ02WS
New Vehicle,Car dealer,Car rental,category_correct,23VHVWAVKI620A5GTGTZI9QHD5DPH0
New Language,None,activity_correct,2EUJ1LY58B72KDFW8OBHM16YMMOS7H
Achievement or Award,None,activity_correct,2JJNDWIOV1S75EIRLPL1CYDZFH1XIP
Weight Loss,None,category_correct,2MOA6X3YOCCFD34JC6GTRNII4SAPQX
New Pet,None,activity_correct,28ZQEOZFYQS1PJ80GOORMS4IJV8KHV
Overcame Illness,None,category_correct,258ULF395SW607GTKCEYWJBYMV8DR7
Tattoo or Piercing,None,activity_correct,2YNR14IXKO2LMTWS451663YOJ69BAR
Loss of Loved One,None,category_correct,2A4OK2JE1M7PXBOZJ5XO8AC0BFTOV9
New Child,None,category_correct,2UO4ZMAZHHRRY65EGWEV0H1KOI2BK5
Expecting a Baby,None,category_correct,25B8EBDPGFL6834ARIINMWIO2VLH25
Changed Belief,None,category_correct,2CTO3W5XH0JP2JXGC75PUSP7CEFDJG
Broken Bone,None,category_correct,20W5UUKQOYGNVNG1KHFG9107ZPBFXI
Registered To Vote,City hall,activity_correct,2BUA1QP6AUC2J4VKZMSXCV0FRU770B
Removed Braces,None,category_correct,25I8H88MQU6LIFQ94RSR6X4APDATA0
New Licence,Local government office,activity_correct,29UMIKMN9U8PMPIML5NXR3SU5CFBSM
Marriage,City hall,Local government office,category_correct,2XM8LZ6R70G540NR0SUVN7WSZNH7NL
Moved,None,category_correct,2D9VWAVKI62NWHHFZBQ9IQH6IEFQIM
Home Improvement,None,category_correct,2NHGFL6VCPWZMI2RORFVAS7SUX87MM
New Sport,None,activity_correct,2B4STMOFXRDSH9RF674N6JFM8V3URY
Organ Donor,None,category_correct,2Q7L6VCPWZ9R04BWG4SSGSN3KNAO9T
Volunteer Work,Veterinary care,Church,category_correct,2418JHSTLB3LD6QX1RFBSEJRLP7GS8
Study Abroad,Airport,activity_correct,2SDKH1Q6SVQ8UZN0I3XLEOBVJCVL2H
Military Service,None,category_correct,2NMCF806UFBNSJAUMU63I5SWDHA0EP
Published,None,category_correct,2TCM05BMJTUHBNHULY0RJ7S53GWFKT
Vision Aid,None,category_correct,2UFQY2RCJK63CMTH90RK3IAQGDF5UW
Bought Home,None,category_correct,2GKVQ8H88MQUJCK2343IARXXB4CR8G
New School,None,category_correct,2B0N46UXFCD4IORSLW4SWTKIUXNSUL
New Housemate,None,category_correct,2V33L0FBJ9IOOATXJNMEERPR9GTZN4
New Family Member,None,category_correct,2VYVCPWZ9RND9939T1YSW3DTNOUBQX
New Vehicle,None,category_correct,2GCW4ZMAZHHR4CU4SXEN4RH1RBIJAK
New Language,None,activity_correct,22EEZZ2MIKMNMLN317U82WWXPXLO7G
Achievement or Award,None,activity_correct,2S0IUB2YU98JUJ8Z3CC0OBJ9PI5L99
Weight Loss,None,category_correct,2YP7H57DZKPFRVTU5Q4MB5L8P3IC2T
New Pet,Pet store,Veterinary care,activity_correct,2GMXFCD45XCE6ES6F2BIW3TGWYXWY5
Overcame Illness,None,category_correct,2YUL92HECWA6AUD24L60LP5K4JOIJO
Tattoo or Piercing,None,activity_correct,2SY2NJQ2172ZM05VYKBLLVEB1VXXP2
Loss of Loved One,Church,category_correct,2CWSMEZZ2MIKZEO80Y0YC8TW3RCM5L
New Child,None,category_correct,2E66AUBXHWSHK60N142Z5DRL4Z43ZU
Expecting a Baby,None,incorrect,250ER9Y8TNKIZQ70XT6H12OM7JA7UD
Changed Belief,Church,activity_correct,21T4IXKO2L92U5RA2FO37OCCMU6DC2
Broken Bone,None,category_correct,21Z0G5R98D8JGMTLO1JTWYCGAG7TD2
Registered To Vote,Post office,activity_correct,2GNCPWZ9RNDWVFAFKGJNCDTG1VWRCL
Removed Braces,None,category_correct,2GP3YOCCF0CPIBC3LREIRXYGBJGTSV
New Licence,None,category_correct,2TOKUDD8XMB33UODSKXU2O6TB8OOD9
Marriage,Church,category_correct,2G5G67D1X3V0SBFQGTTJN1M7WEDBIU
Moved,None,activity_correct,2N0XMB3Q39Z0OX97GFK4NVST2LDITR
Home Improvement,Storage,category_correct,2KUSEIUUU00O3BZOWR9SHS2U902SS5
Overcame Illness,None,category_correct,2N867D1X3V0FXRR2CBAEAM7PRE2JCL
Military Service,None,category_correct,21JLFQ0ONNVRUSZVGI5G0B76UP3TKE
Organ Donor,None,category_correct,2N5P8PJWKUDDLO1PVZU980B61NI8J5
New Language,None,activity_correct,27VV0FK0COK2W5G0ZYBKILRWDISPIT
New Pet,Aquarium,activity_correct,2UUJE1M7PKK9YIBKG81C94LZ4JGYR2
Volunteer Work,Fire station,Train station,Stadium,Aquarium,category_correct,24S0OQKKA4II5Z7GMBX89EW0JU2ZZM
Achievement or Award,Fire station,Real estate agency,Stadium,activity_correct,2QFTBJ3MMDX5SGM1YBBHK9MD4ICYCV
Broken Bone,None,category_correct,2MOYB49F9SSSUOGFBXES25H5M2CRVK
New Housemate,None,category_correct,2O8DHDM25L8IMEEAYQ5ZFOE4XQ0PF2
Home Improvement,Roofing contractor,Moving company,category_correct,262VKI62NJQ2EYHD1IHHFBKLJP8TLH
Removed Braces,None,category_correct,2AYUFBNFSVGUY6INX1N6WG1FZXGJ5D
New Child,None,category_correct,2W33Q39Z0B6U6FL7WNMS2VRKNJQWLA
New Vehicle,None,category_correct,22N7WGKCCVLLG3PHVV8AYQ4CGHL4UR
Published,None,category_correct,29YR70G5R98DLAI96GNS1TNYJAWBRY
Vision Aid,None,category_correct,26TVP9746OQ15E54ZZX7951QR6IL11
New School,None,category_correct,2VW2J1LY58B7FY1EAP6KQD1659O6RB
New Licence,None,activity_correct,2VR6R70G5R98QZYHNNYW1STN56BQAJ
Weight Loss,None,category_correct,2PC0COK2JE1MKGZY1UIWFOZAJUYTMJ
Changed Belief,None,activity_correct,2OWEGDHDM25LL9O1R5XHNZ6OLYKDNK
Study Abroad,University,category_correct,2X9MVHVKCJ01EBHLWSY9TQW682I75W
Bought Home,General contractor,category_correct,2SMB2YU98JHS6CQHD96BS9IOID9NBO
New Family Member,None,category_correct,2UUJE1M7PKK9YIBKG81C94LZ4JFYR1
Registered To Vote,None,activity_correct,2M7806UFBNFS879Z7C051W6NNVAG27
Loss of Loved One,None,category_correct,2LJI8IUB2YU9LAW6LU23U0FBQ3BJ7S
Tattoo or Piercing,None,activity_correct,2X4WYB49F9SS58CFTSFN1T5HC93QUV
Expecting a Baby,None,activity_correct,23YS8SV7WGKCPM0ZVL13CMHAWKZQ0S
Marriage,None,activity_correct,26QB49F9SSSHASGXGWJTEH5FFDZSWL
Moved,None,category_correct,20QN5F3Q0JG56P1145PBD9F9ZMMGCF
New Sport,None,activity_correct,2E70OHOVR14IAB3GDITHNCWADRX65V
Overcame Illness,Pharmacy,category_correct,20O618N46UXFP4JJPL5TWDSN0EBRPZ
Military Service,None,category_correct,2418JHSTLB3LD6QX1RFBSEJRLP7SGK
Organ Donor,University,category_correct,2WFCWYB49F9S5JWBTAAOWST5OZ9TPF
New Language,University,activity_correct,26TINMHGYQ4JGEPPYK6MOFOY5COL8L
New Pet,None,activity_correct,2Z1746OQ1SNQ3Y5KZ9W1ZKCNYVWO4X
Volunteer Work,University,category_correct,2SMB2YU98JHS6CQHD96BS9IOID8BNB
Achievement or Award,None,activity_correct,2JM8P9Y38TWWA9I6M79M9JTANH0ZIP
Broken Bone,General contractor,category_correct,25GK5UFJ51Y7353D77HSACSTTI98BK
New Housemate,None,category_correct,21U4SMEZZ2MIXD2NMHG9738T3QS4LX
Home Improvement,General contractor,category_correct,2R6CWA6X3YOCP6FQHEBXYTINPCRNOR
Removed Braces,None,category_correct,28F5F3Q0JG5TBD2QO724IF9SZMBHDF
New Child,Lawyer,University,category_correct,26R9RNDWIOV15Y71VMKG313YKT3GVF
New Vehicle,None,category_correct,27CO2L92HECWNXCHQX3CO0CPCERHGP
Published,University,category_correct,2V7395SW6NG1SJI1QWAB7F1F6MTUG3
Vision Aid,Pharmacy,category_correct,2AGUQIHPCGJ2QTG2V5WXQ0JPWMD71E
New School,University,category_correct,22KCXKNQY2RCWBLHR453QR0K1C5Q1V
New Licence,None,category_correct,22C9RJ85OZIZR81O2YDOXQ5E3JRW8O
Weight Loss,None,category_correct,2JRJMJUNU8LZJIME8EI9HD8JAP8H1P
Changed Belief,None,activity_correct,2JUHECWA6X3Y13RTSLG5TXPTPHCLM8
Study Abroad,None,category_correct,2JR6KW4ZMAZHUI6Z7ZROWNVROVE8H0
Bought Home,None,category_correct,2DI39Z0B6UTOJKJSN1KV0KGP3MRNY3
New Family Member,Hospital,category_correct,28U4E6AUBXHW58MTDI0VKZWDYFRX1Y
Registered To Vote,Local government office,activity_correct,28XPQJQ9OPLLA3M8E0OGHKCO6FPZ1X
Loss of Loved One,Funeral home,category_correct,21ALKH1Q6SVQL8NMEZL6U5OB26CK1W
Tattoo or Piercing,Doctor,Hospital,activity_correct,2D15SW6NG1FSGED1BKPFAFZS6FXIWJ
Expecting a Baby,Doctor,Hospital,category_correct,2QFTBJ3MMDX5SGM1YBBHK9MD4IDCYA
Marriage,None,category_correct,2OKCWY2AOO2GZDTUGX7Q1CM6P4433W
Moved,RV park,category_correct,2UIW618N46UXS3SIX63E2NDSUNEOQF
New Sport,Gym,activity_correct,2F3MJTUHYW2G6GO52GJ55M16GSMJOJ
Overcame Illness,Doctor,category_correct,2RAT3HVWAVKIJT2XIBS7BZ99XB1NF6
Military Service,Hospital,Local government office,Bus station,category_correct,214JK63ZVE3H4RZ8AJH9SL5RA9WZAM
Organ Donor,Doctor,category_correct,2GGQ1SNQQ7Q6KRKFIT3N012TX6VS85
New Language,None,activity_correct,2Y3DDP8PJWKUQ4NBEKUQC9Z0I0OH6N
New Pet,Veterinary care,activity_correct,2KMC26DG67D1AUAE7TRCXK2JLVH7EX
Volunteer Work,Funeral home,Hospital,Local government office,Veterinary care,category_correct,2GT8N46UXFCDHWCQ62ED1NTKPHYTR8
Achievement or Award,None,activity_correct,25CCJ011K274WYOYI5X1HN461RBCA1
Broken Bone,Gym,Doctor,Hospital,category_correct,27MLRGNTBJ3MZ4CJ7YYNF2KHI3GU8N
New Housemate,RV park,category_correct,2APULRGNTBJ3ZDSBXOG7W62KO54T79
Home Improvement,Laundry,category_correct,29YR70G5R98DLAI96GNS1TNYJAXBRZ
Removed Braces,Hospital,category_correct,24IIHPCGJ2D2EFIAX680SPPSPWF39E
New Child,Hospital,category_correct,28O2GTP9RA7SIN1FYIPSXF70QGBVQO
New Vehicle,Bicycle store,RV park,Car repair,Car rental,category_correct,2IKV7WGKCCVLYUROVCDHJPQ4J3HT33
Published,Local government office,category_correct,2BHC6SK9RJ851QXD6QDAJPMOVKZS4Y
Vision Aid,Doctor,category_correct,2FLYMNCWYB49S076KQO1AJONZN0QM3
New School,None,category_correct,28URCJK63ZVEG86EC39AZ9JLCLX8XT
New Licence,Local government office,category_correct,2X7SVGULF3955NL18A6SCNYNQ5SOA8
Weight Loss,Gym,Doctor,Hospital,category_correct,2BP3V0FK0COKFATFEGGKT9LR30JHOD
Changed Belief,Mosque,Bar,Place of worship,activity_correct,2ERMAZHHRRLF3R31F4IHAKHOG8BDML
Study Abroad,Library,category_correct,2NRKPFE4EGDHQDHJDH99WZW6O8T8IT
Bought Home,None,category_correct,2118D8J3VE7W5J81QL73VCK8HNWIYH
New Family Member,None,category_correct,2OAUUU00OQKKNVXWKHJ2326878QVVI
Registered To Vote,Post office,activity_correct,2G2UC26DG67DEOI9SOB0LOK2Q8WD6B
Loss of Loved One,None,category_correct,29NXX2Q45UUK3FDUFRN1WS8ONUUSA8
Tattoo or Piercing,None,category_correct,2UE05BMJTUHY9TV7HIIAGS5WTV1GLW
Expecting a Baby,None,category_correct,2TMNU8LZ6R70TW6N0MZJCVE73MN5L3
Marriage,Mosque,Place of worship,category_correct,2L2T2D5NQYN5SU5EBPWT7MNC3S6596
Moved,Furniture store,category_correct,25I8H88MQU6LIFQ94RSR6X4APD9TAZ
New Sport,Park,activity_correct,22O1VP9746OQEJ24IGH6G051XE5K0S
Overcame Illness,None,category_correct,24IIHPCGJ2D2EFIAX680SPPSPWE93J
Military Service,None,category_correct,2EUJ1LY58B72KDFW8OBHM16YMMPS7I
Organ Donor,None,category_correct,2F0B727M0IGFX8SFY76S4F4VPIODYA
New Language,Library,activity_correct,26XXH0JPPSI2XPT3D1G7EKLMDQEHNY
New Pet,Park,Pet store,activity_correct,20YSVQ8H88MQ7X0JGKMCR1RX4Y57Q9
Volunteer Work,Park,Place of worship,Library,category_correct,27ZH57DZKPFEH5VR9MD2EL8IGHT3DU
Achievement or Award,None,activity_correct,2U4CVLL3CA33Z8P3ID39WQU74REZ97
Broken Bone,None,category_correct,2432YU98JHSTY2IZSO2JIIOBQ8DOCA
New Housemate,None,category_correct,2118D8J3VE7W5J81QL73VCK8HNXIYI
Home Improvement,Furniture store,Home goods store,category_correct,2BI6SVQ8H88M3LLZXX2VLI1R4R06PJ
Removed Braces,None,category_correct,273NVP3TVOK576YJT7YQNOZF5KN41R
New Child,None,category_correct,240LZ6R70G5RMZSMBCMEGWSS0HTO85
New Vehicle,Car dealer,category_correct,2SY2NJQ2172ZM05VYKBLLVEB1VWXP1
Volunteer Work,Mosque,Hindu temple,activity_correct,2D9VWAVKI62NWHHFZBQ9IQH6IEGQIN
Vision Aid,Health,category_correct,2N9DM25L8I9NCNLV68XON4QWEN3HRM
Removed Braces,Health,category_correct,28GCCF0CP5KX2KX1AROYP4PMEHRWVS
Expecting a Baby,Health,activity_correct,2QISCM6IAA2SR998M9ROZKKABCCKKZ
New Licence,City hall,activity_correct,20TSNQQ7Q670IS5Y4WI1BTQC8RGAU7
New School,None,category_correct,2F73Q0JG5TYM03BC3D0FISSSORTFJR
Study Abroad,Hindu temple,activity_correct,2VHHIT3HVWAVX9LGFSH2A72ZG3JDLH
New Language,None,activity_correct,29R2MIKMN9U820DH02NW6I3S1SDAR4
New Child,None,category_correct,2O8DHDM25L8IMEEAYQ5ZFOE4XQZPF1
Loss of Loved One,Cemetery,category_correct,2PB51Y7QEOZFBH7F41KMXFXRKMWDGA
New Family Member,None,category_correct,2QMLF395SW6NTSU6VWPNSBYF89TESQ
New Sport,None,activity_correct,2TEJUNU8LZ6RKRVJJIZDHJ3VL1QJ3O
Organ Donor,City hall,Health,category_correct,2KNKI62NJQ21KTEN1Z86KKLC285UMB
Changed Belief,Mosque,Hindu temple,activity_correct,2MOYB49F9SSSUOGFBXES25H5M2DRVL
Tattoo or Piercing,None,activity_correct,2XM8LZ6R70G540NR0SUVN7WSZNHN71
Moved,City hall,activity_correct,2YM3K4F0OHOV4SJWPTF2U92HL6Q21S
Marriage,Mosque,City hall,Hindu temple,category_correct,2SFMHGYQ4J3NN2LP7V6FXYYI0VNANF
Published,None,category_correct,2IBHSTLB3L0FOAOWGKAESREVLZJUIT
Achievement or Award,City hall,activity_correct,2R08MQU6L5OB83XFJ6O4JIJFEANDWA
Overcame Illness,Health,category_correct,2TS11K274J79XHBKTHE4FUXFJ7XDFC
Registered To Vote,City hall,activity_correct,2O8DHDM25L8IMEEAYQ5ZFOE4XQ2FPU
Military Service,None,activity_correct,2QEMEGOOGQSCZXXO2BJERUUU7UJDD3
New Pet,Aquarium,activity_correct,2RNWAVKI62NJ3TGLU809ZH6BRF5RJZ
Broken Bone,Health,category_correct,2L5PGFL6VCPWC061559O41S7ZHV6LH
New Housemate,None,activity_correct,24PFCD45XCET0471LT9NCTGPBU3ZXO
Bought Home,None,category_correct,20H6AUC26DG6K4GBV4RFT0CORWDB4G
New Family Member,None,category_correct,2GCW4ZMAZHHR4CU4SXEN4RH1RBGAJ9
New Sport,None,activity_correct,2R08MQU6L5OB83XFJ6O4JIJFEALWDR
Organ Donor,None,category_correct,26XXH0JPPSI2XPT3D1G7EKLMDQDNH3
Changed Belief,Synagogue,activity_correct,291O9Z6KW4ZMNQWVJ0CFZ0ONUPJ5ED
Tattoo or Piercing,None,activity_correct,2BTK274J79KQ9XGMFDXU6FCDBZQFHN
Moved,None,category_correct,28M98JHSTLB3YRUPBI9OKJEJY8NRFV
Marriage,Synagogue,category_correct,2GPBAT2D5NQY0WUHI9AGETYMU6R372
Published,None,category_correct,2ZOZ9RNDWIOVEJM6FC4TPU1357UFUQ
Achievement or Award,Art gallery,activity_correct,2LW9F9SSSHX1EA31K2WHEF8JBIJYU5
Overcame Illness,None,category_correct,2FPH0JPPSI2KB54ZKYY5TLM63DVIO4
Registered To Vote,Post office,activity_correct,2KNKI62NJQ21KTEN1Z86KKLC283MU1
Military Service,None,category_correct,2NRXR24SMEZZFDXYEW0UHP9YA2M1I1
New Pet,Pet store,category_correct,2C5IPDOBDDP82ABYMM486MB3XX4C1C
Broken Bone,Physiotherapist,category_correct,2DI39Z0B6UTOJKJSN1KV0KGP3MQNY2
New Housemate,None,category_correct,2XKSCXKNQY2RPAZKV8MECHR0ROB0P9
Bought Home,None,category_correct,2N52AC9KSSZVAOH4WELUTQOYNHB1JD
New Vehicle,None,category_correct,2JUHECWA6X3Y13RTSLG5TXPTPH9ML6
Home Improvement,None,category_correct,28XCOW0LGRZ3L36TDLXVWUZWKLT8ZO
Weight Loss,Physiotherapist,category_correct,26UDIPDOBDDPLGYAC34DHXMBAKYB01
Volunteer Work,Doctor,Zoo,Museum,activity_correct,2QLP9RA7S5WMEXOCKX679JMHS49TY6
Vision Aid,Doctor,category_correct,2C2C9KSSZVXXFHJJM3BQXYGNPQUL3R
Removed Braces,Doctor,category_correct,2XIY2RCJK63Z85IVJ9BURAQ9QFY6V1
Expecting a Baby,Doctor,activity_correct,20WJ3NAB6BFMS63CQRK12JFDN8MTGB
New Licence,None,activity_correct,2F73Q0JG5TYM03BC3D0FISSSORWFJU
New School,None,category_correct,2OJ9Y8TNKIMZ5DKY7QJ2XM0PNP7W9B
Study Abroad,Embassy,Museum,category_correct,2C8TP9RA7S5WZSLNQ1FFG0JMOF4XSI
New Language,None,activity_correct,28FJ92NJKM05ODY7MQPWBGTPGL49EA
New Child,None,category_correct,22CMT6YTWX4HG8H33D49IGI6PDK1W8
Loss of Loved One,Florist,Funeral home,category_correct,2ABPPSI2KYEPYJ4LXTCMFWJ3V4CLRX
New Family Member,Doctor,category_correct,28SLWSBRI8IUOTD81HAH1TLBAFU2EB
New Sport,None,activity_correct,2IAUB2YU98JH5K0PVURFKJ9IV5EAMG
Organ Donor,Doctor,category_correct,2I6R9Y8TNKIMCJ1JCO8SBOM0WAO8VP
Changed Belief,None,activity_correct,2GKK9RJ85OZIC5W02JGMXOQ5LQK7V3
Tattoo or Piercing,Doctor,activity_correct,2CWSMEZZ2MIKZEO80Y0YC8TW3RC5M4
Moved,None,category_correct,2ZO1INMHGYQ4WU2O3F2FVFFO5SD7KH
Marriage,None,category_correct,2TAA0RYNJ92NWB1EXKDJ2UHY3WB490
Published,Book store,category_correct,25OAVKI62NJQFSMGRI0QQ6BKS6PKSG
Achievement or Award,Casino,Embassy,activity_correct,2MPKNQY2RCJKJUE96C8R9KUIHK1S3B
Overcame Illness,Doctor,category_correct,2EUJ1LY58B72KDFW8OBHM16YMMO7SW
Registered To Vote,None,activity_correct,2SHDOBDDP8PJ9B9R5HOMK3Q3GTU3EN
Military Service,None,category_correct,20H6AUC26DG6K4GBV4RFT0CORWCB4F
New Pet,None,activity_correct,2NAPDOBDDP8PWNZ85MZXVB3QA3U2DJ
Broken Bone,None,category_correct,2KSRYNJ92NJKZRKPESKUQYW2NNHB6Z
New Housemate,None,category_correct,2QISCM6IAA2SR998M9ROZKKABCBKKY
Bought Home,None,category_correct,2GMFBNFSVGULSUOJK5XNP1FSAHS6KG
New Vehicle,Car dealer,category_correct,2RKTLB3L0FBJM93PBNARNVE5YJKWK6
Home Improvement,Electrician,category_correct,2NHGFL6VCPWZMI2RORFVAS7SUX7M70
Weight Loss,Doctor,category_correct,2LDYHVI44OS2XC9M5W5Z1BAPC5TY4G
Volunteer Work,Courthouse,Library,category_correct,2THPSI2KYEPL5GMJCUD65J3OHBKMSN
Vision Aid,None,category_correct,2XNP3TVOK5UFWWGCZZ5O8FYQZV6362
Removed Braces,None,category_correct,254PWZ9RNDWI1MG6Z1E3MTGU8XRSDA
Expecting a Baby,Stadium,Courthouse,Library,Campground,Furniture store,Bus station,Spa,Insurance agency,Bank,RV park,Movie theater,Shoe store,category_correct,26XXH0JPPSI2XPT3D1G7EKLMDQCHNW
New Licence,Courthouse,category_correct,2FTY7QEOZFYQ5SR6LVFF6RDSBC4FIF
New School,None,category_correct,28X8B727M0IGSBWRTFPF1VF42CHCX2
Study Abroad,Library,category_correct,27UQ45UUKQOYTEXATWJ8XG0171MDV1
New Language,Library,category_correct,2790JPPSI2KYRG06HGWKUM6WQXIJP0
New Child,None,category_correct,2NMCF806UFBNSJAUMU63I5SWDH90EO
Loss of Loved One,None,category_correct,21FDWIOV1S7S0US783S37DZ8U2JJYS
New Family Member,Courthouse,category_correct,2ESSPW1INMHGBHJXVW1BFBFMM9K4HR
New Sport,None,activity_correct,27VV0FK0COK2W5G0ZYBKILRWDITIPN
Organ Donor,Courthouse,category_correct,2KGO2GMMEGOOTH7QEF9AJ2SEPOO990
Changed Belief,None,activity_correct,2T12NJKM05BMWK9VQ5TG2P9RH1MBG3
Tattoo or Piercing,None,category_correct,2RTXERSQV66RYGWWLC8V5AVKP0X2AH
Moved,RV park,category_correct,2NRXR24SMEZZFDXYEW0UHP9YA2LI1H
Marriage,Courthouse,category_correct,2GMFBNFSVGULSUOJK5XNP1FSAHT6KH
Published,None,category_correct,29PR24SMEZZ2Z9Z0FIL8Y9Y3FNOJ2B
Achievement or Award,Stadium,category_correct,2XDVWJ5OPB0Y87EMQVNBGEP91XVW4H
Overcame Illness,None,category_correct,2C8TP9RA7S5WZSLNQ1FFG0JMOF3XSH
Registered To Vote,Courthouse,category_correct,2WGFXRDS4IC1RPS1PS6MA1A2PPTVYS
Military Service,None,category_correct,2OWBLYHVI44O5TZZMH4NNZSBHJZW2L
New Pet,None,activity_correct,20M8Y1THV8ERMPN7FT9M8SM5R9B0NE
Broken Bone,Stadium,Campground,Bus station,Insurance agency,RV park,category_correct,297YQS1CSTMOSO6RKD9CAEYDURBMP5
New Housemate,None,category_correct,2JG9Z6KW4ZMAC8W5JU6Q9ONN2LAF6M
Bought Home,Bank,category_correct,254PWZ9RNDWI1MG6Z1E3MTGU8XTDSX
New Vehicle,None,activity_correct,218NTBJ3MMDXI64LFFTKQB9MKRGXBF
Home Improvement,Furniture store,category_correct,2NRXR24SMEZZFDXYEW0UHP9YA2NI1J
Weight Loss,None,category_correct,2OGZFYQS1CSTZFUBJMJ4RC1E57HNK7
Volunteer Work,Church,Place of worship,Veterinary care,Park,category_correct,24MU00OQKKA4V97MKBL2F80E3U6XXQ
Vision Aid,None,category_correct,2BNP9746OQ1S0H5LIFY0E1QKJHKM2J
Removed Braces,None,category_correct,2LFVP3TVOK5USAKFQGHEXZFYXMV52D
Expecting a Baby,Church,Electronics store,Place of worship,Police,Veterinary care,Convenience store,Laundry,Bicycle store,Bar,Home goods store,Meal takeaway,Park,category_correct,22RVXX2Q45UUXH3C8W9WANS8VASR93
New Licence,None,category_correct,2IEZ9O9Z6KW4CDPD9QIRUFQ0VHFC31
New School,,category_correct,2Z7E4EGDHDM2ICNW1WQWFHEZDI8LBJ
Study Abroad,None,category_correct,28UAOO2GMMEG1FV4KLD6RAA2Z8C77A
New Language,None,activity_correct,2EKMEZZ2MIKM009MHIP3HTWW4CXN62
New Child,None,category_correct,29CPFE4EGDHDZTKZ0R0N8W6HLT29JX
Loss of Loved One,None,category_correct,273AT2D5NQYNI6I4SS752YMNJQT48B
New Family Member,None,category_correct,2S9PCGJ2D21OGNKB99APYSI2RS95BG
New Sport,Bicycle store,Park,activity_correct,2HWJ79KQW6180VL8PO3DD5XCLNFLJ2
Organ Donor,None,activity_correct,2BI6SVQ8H88M3LLZXX2VLI1R4RYP60
Changed Belief,Church,Place of worship,Bar,category_correct,20ZQ67051QKC0IGGLZ316MGI7P7ZFX
Tattoo or Piercing,None,category_correct,2Q7L6VCPWZ9R04BWG4SSGSN3KN89OC
Moved,None,category_correct,2MYSK9RJ85OZVQTVEJ1PVOOQC8QU61
Marriage,Church,category_correct,2VSXULRGNTBJGD1RPE6PGN62RB3S6H
Published,None,category_correct,28GCCF0CP5KX2KX1AROYP4PMEHPVWP
Achievement or Award,None,activity_correct,2PB51Y7QEOZFBH7F41KMXFXRKMXDGB
Overcame Illness,Veterinary care,category_correct,2CWSMEZZ2MIKZEO80Y0YC8TW3RBM5K
Registered To Vote,Church,Place of worship,category_correct,2XEHGYQ4J3NAOXQTEO6O7YIT8NBOB1
Military Service,None,category_correct,23QMNCWYB49FMJ7696S1SONS0ZCNR1
New Pet,Veterinary care,category_correct,2M1KSSZVXX2QHW98CZFYPNIW8HLN5L
Changed Belief,Church,category_correct,2LVQ39Z0B6UT1X8I64JT4RKGWQMXM6
Loss of Loved One,Church,category_correct,2MPKNQY2RCJKJUE96C8R9KUIHK3S3D
New School,None,category_correct,2YUL92HECWA6AUD24L60LP5K4JLIJL
Removed Braces,None,category_correct,2OWEGDHDM25LL9O1R5XHNZ6OLYLNDV
Bought Home,Locksmith,category_correct,2JUNJKM05BMJ6LWCOB7TY9RAEM0CHB
Vision Aid,None,category_correct,2UXUFJ51Y7QE1QUCI1SC1TMOMRKADW
Weight Loss,None,category_correct,20AHPCGJ2D211UBJPQRJYPSI9ES4AE
Expecting a Baby,None,activity_correct,2JR6KW4ZMAZHUI6Z7ZROWNVROVB8HX
Broken Bone,None,category_correct,2LSHFL42J1LYIZQLUGD0RGFKO7T2NY
New Language,None,activity_correct,2WFCWYB49F9S5JWBTAAOWST5OZ9PTB
Overcame Illness,None,category_correct,2FZDZKPFE4EGQ8S0UEC8R9NZ30AG6M
New Vehicle,None,activity_correct,2N5P8PJWKUDDLO1PVZU980B61NH8J4
New Sport,None,activity_correct,2CEIKMN9U8P9BUN7O5OICSUYPGTTC0
Home Improvement,Hardware store,Book store,activity_correct,2WL6YTWX4H3HFGQI5I0GR6IJY5Z3Y2
Study Abroad,None,category_correct,2TS11K274J79XHBKTHE4FUXFJ7YDFD
Military Service,None,category_correct,29BMJUNU8LZ64YFUX008M8J328Z2II
Tattoo or Piercing,None,activity_correct,27EB3Q39Z0B67K3KLD5V1TVRRAKVKX
Marriage,Church,category_correct,2YUGMMEGOOGQ531KAJ121EIU1ORBBJ
New Housemate,None,activity_correct,2P006UFBNFSVTL0TVIWS56NG89MH3H
New Licence,None,activity_correct,2P006UFBNFSVTL0TVIWS56NG89M3H3
Organ Donor,None,category_correct,2WGFXRDS4IC1RPS1PS6MA1A2PPQVYP
Published,Book store,category_correct,2ORZ2MIKMN9ULGOCVHKW5XI3ZOS9QM
Volunteer Work,Place of worship,Zoo,Veterinary care,activity_correct,2V7395SW6NG1SJI1QWAB7F1F6MTGUP
Registered To Vote,Establishment,School,Local government office,activity_correct,29B51RYQM3EL3E1QIHKG3FTE1NGZ0R
Achievement or Award,School,activity_correct,28X8B727M0IGSBWRTFPF1VF42CIXCO
New Family Member,None,category_correct,2YUL92HECWA6AUD24L60LP5K4JNJIO
New Child,Local government office,category_correct,2EKMEZZ2MIKM009MHIP3HTWW4CY6NM
Moved,Establishment,category_correct,2JUNJKM05BMJ6LWCOB7TY9RAEMZCHA
New Pet,Veterinary care,activity_correct,20H6AUC26DG6K4GBV4RFT0CORWD4B9
Changed Belief,Place of worship,activity_correct,2X2B6BFMFFOYB98FLS6DPESC7LPXKZ
Loss of Loved One,Place of worship,Airport,activity_correct,2XDVWJ5OPB0Y87EMQVNBGEP91XW4WQ
New School,School,category_correct,2TUD21O3W5XHDA43KRTK7EPLZJ0GAC
Removed Braces,None,category_correct,29YR70G5R98DLAI96GNS1TNYJAWRBE
Bought Home,None,category_correct,20Q2RCJK63ZVRUW5STLIJQ9JSZJ7WA
Vision Aid,None,category_correct,2XIQ7Q67051QX325TBKQL1XMNCUDX4
Weight Loss,Establishment,category_correct,250ER9Y8TNKIZQ70XT6H12OM7J9U7Z
Expecting a Baby,None,category_correct,276RSQV66RLPU98H94NA4KI69HEC4P
Broken Bone,Establishment,Zoo,Night club,category_correct,2TTLY58B727MD9VTCQ41FYFS29WU9A
New Language,School,activity_correct,2UIW618N46UXS3SIX63E2NDSUNEQOH
Overcame Illness,None,category_correct,2SHDOBDDP8PJ9B9R5HOMK3Q3GTT3EM
New Vehicle,Establishment,category_correct,2N9DM25L8I9NCNLV68XON4QWEN1HRK
New Sport,School,category_correct,2RQW2GTP9RA75WB0TF0Y1OF77DGPU2
Home Improvement,Place of worship,Establishment,Moving company,General contractor,School,Local government office,category_correct,25SFK0COK2JEEDM3CT0L0W6O647KRT
Study Abroad,Place of worship,School,activity_correct,2JCSSZVXX2Q4IL9YIXPGWIW1UM36O1
Military Service,Local government office,category_correct,2VOSBRI8IUB2BLOMBQJTUB3L7954GQ
Tattoo or Piercing,None,activity_correct,2I6BDPGFL6VC2NENJW4WROV1Z1MJ49
Marriage,Place of worship,Establishment,Local government office,category_correct,24DRGNTBJ3MMQOKTHGE6BKHBGG5V90
New Housemate,Establishment,activity_correct,2SSOUQIHPCGJF4HFGCN56H0JWJK062
New Licence,Local government office,activity_correct,2DGU3K4F0OHO8IGIA6BOBL92O87017
Organ Donor,None,category_correct,2GYRLPHIT3HV91AYAFTNSQ21EWQAIW
Published,None,category_correct,2Y91XERSQV664C4VA2UH4WAVRC219L
Volunteer Work,None,activity_correct,2NH8PJWKUDD8ADQHIC0Z9B6U0I19KV
Registered To Vote,Embassy,activity_correct,2UHEIB9BAWLSZO44X4OUM3MTYL22ZG
Achievement or Award,None,activity_correct,2JCSSZVXX2Q4IL9YIXPGWIW1UM16OZ
New Family Member,None,category_correct,2VNWJ5OPB0YVTQNCE527NP9UAVV5XN
New Child,Campground,category_correct,2626X3YOCCF0PGKYPYKIWIIX5AZQRR
Moved,Real estate agency,category_correct,2VJGNTBJ3MMDAWU3ZWX2THB9T7PWAQ
New Pet,None,category_correct,2RNKCJ011K27HAMNCZN6A8N4DOQ9B9
Changed Belief,None,activity_correct,20NJ8EBDPGFLJMR3O80RWDWIVPX1GC
Loss of Loved One,None,category_correct,2EYOQ1SNQQ7QJYFJTZBCWR120K5R7S
New School,None,category_correct,2H51X3V0FK0C1BHX6AD7YKK9SLNMF1
Removed Braces,None,category_correct,2MFHMVHVKCJ0ESZGZDA7IKQWDV164P
Bought Home,Real estate agency,category_correct,2Z5OBDDP8PJWXLSR06DBCQ396U4F41
Vision Aid,None,category_correct,2WR9O9Z6KW4ZZ1EV90ILOQ0OUHO4DF
Weight Loss,Spa,Physiotherapist,Campground,category_correct,28ZQEOZFYQS1PJ80GOORMS4IJV7HKR
Expecting a Baby,None,activity_correct,291O9Z6KW4ZMNQWVJ0CFZ0ONUPKE5N
Broken Bone,Campground,category_correct,2JZ46OQ1SNQQKHLLSESQTCNR8WM5PZ
New Language,None,category_correct,2CQU98JHSTLBGCFT3S0IXBJEQL6QEB
Overcame Illness,Spa,Physiotherapist,Campground,category_correct,2IKV7WGKCCVLYUROVCDHJPQ4J3H3TD
New Vehicle,Car rental,activity_correct,2PC0COK2JE1MKGZY1UIWFOZAJUVTMG
New Sport,None,activity_correct,2N9JHP4BDDKGHPN5K60XCG35EQ76Z4
Home Improvement,Real estate agency,category_correct,2O8OOGQSCM6IN1H66RLU300OXEDGGO
Study Abroad,None,category_correct,2JUHECWA6X3Y13RTSLG5TXPTPHCML9
Military Service,None,category_correct,2GP3YOCCF0CPIBC3LREIRXYGBJDTSS
Tattoo or Piercing,Jewelry store,activity_correct,2NRXR24SMEZZFDXYEW0UHP9YA2O1I3
Marriage,None,category_correct,2E3LYHVI44OSFB080MEE8SBAWZ5X3Q
New Housemate,None,category_correct,2XLBJ3MMDX5F2Y2KUT8BIMDXVCRDZ0
New Licence,None,activity_correct,23YYTWX4H3H222JR1I7IFIJRIZYZ49
Organ Donor,None,category_correct,2NUAC9KSSZVXAT5IX3LKZOYGUCR2KW
Published,None,category_correct,2D7DEY5COW0LTIEH0LIFUC6VUOT4VF
Volunteer Work,Museum,activity_correct,2JCQW618N46UA6RRWEOCNTNDZHMNP7
Registered To Vote,None,activity_correct,2RNKCJ011K27HAMNCZN6A8N4DORB9C
Achievement or Award,None,category_correct,25CI62NJQ217FQONIQXBTLCVL5OVN1
New Family Member,None,activity_correct,2Z1746OQ1SNQ3Y5KZ9W1ZKCNYVUO4V
New Child,None,incorrect,2I6R9Y8TNKIMCJ1JCO8SBOM0WANV8B
Moved,None,category_correct,2ZKI2KYEPLSPKWZZEFNJCOAHX8KUOQ
New Pet,Pet store,category_correct,2G2UC26DG67DEOI9SOB0LOK2Q8VD6A
Changed Belief,None,activity_correct,29R2MIKMN9U820DH02NW6I3S1SBRAJ
Loss of Loved One,None,activity_correct,2GYRLPHIT3HV91AYAFTNSQ21EWRIA5
New School,None,category_correct,2XNP3TVOK5UFWWGCZZ5O8FYQZV7363
Removed Braces,None,category_correct,2ZV6XBAT2D5N3P2J7CH0SG5T5GI15T
Bought Home,None,category_correct,2MU6DG67D1X38RUYSLFKBJE1T1K9GS
Vision Aid,None,category_correct,26TINMHGYQ4JGEPPYK6MOFOY5CNL8K
Weight Loss,Bicycle store,category_correct,2KL2D5NQYN5FGHFX8EKYVNCW55ZA66
Expecting a Baby,Museum,Laundry,Bicycle store,Pet store,Clothing store,RV park,Department store,Lodging,Bar,Insurance agency,Painter,Art gallery,category_correct,2HUJENLVWJ5O22FCNPQ87MWBE8HS0G
Broken Bone,None,category_correct,2K49KSSZVXX23VK8MTHO7GNI3VHM4G
New Language,None,activity_correct,2OAUUU00OQKKNVXWKHJ2326878PVVH
Overcame Illness,Lodging,category_correct,2VQ58B727M0IT6ZV5AXYOSVFBPDWBO
New Vehicle,Bicycle store,category_correct,2ZNH8MZ9O9Z6XNJDEJQHQRRLMKU09F
New Sport,None,activity_correct,2R9RRLFQ0ONN8IWFCQF9NGRBE0IIRG
Organ Donor,None,category_correct,2JRJMJUNU8LZJIME8EI9HD8JAP91HA
New Pet,None,activity_correct,2CXL8I9NZW6HRQL26DHWGT86GAOVLZ
Moved,None,category_correct,2IDZ6R70G5R9L4NXV4575SSTUS5P9A
Bought Home,None,category_correct,2TVNAB6BFMFF1PDWLAKJODGEZ6VVIM
Overcame Illness,None,category_correct,2JZ46OQ1SNQQKHLLSESQTCNR8WLP5I
New School,School,category_correct,21KQV66RLPHI6UW9OJMKR62NQKVE63
Published,School,category_correct,2CBE1M7PKK9L4NL2RJ30DLZXWF2ZSH
New Language,School,activity_correct,2YMQIHPCGJ2DFS3HOEOH9JPPZCV82H
Expecting a Baby,None,activity_correct,21Q0LWSBRI8I72HCMIZJQSTLIXGD1D
Tattoo or Piercing,Jewelry store,category_correct,2GKVQ8H88MQUJCK2343IARXXB4DR8H
Weight Loss,None,category_correct,2D7DEY5COW0LTIEH0LIFUC6VUOU4VG
Loss of Loved One,Cemetery,activity_correct,2OGZFYQS1CSTZFUBJMJ4RC1E57INK8
Volunteer Work,Cemetery,Zoo,Art gallery,School,category_correct,21Z0G5R98D8JGMTLO1JTWYCGAG6TD1
Registered To Vote,None,activity_correct,24M00OQKKA4IVJN6U3T6H0EW76SYY1
New Sport,School,activity_correct,28TTHV8ER9Y86EZWE8JMEKFHZWJQ3N
Study Abroad,School,category_correct,28U4E6AUBXHW58MTDI0VKZWDYFR1X2
Marriage,None,category_correct,2FPH0JPPSI2KB54ZKYY5TLM63DWIO5
New Vehicle,None,category_correct,2I0MQU6L5OBVP9G5P6VARJF7NOTXEF
Achievement or Award,Art gallery,School,activity_correct,22NQ8H88MQU6YW3PNL910XX4HCCS9T
Home Improvement,None,category_correct,2TX1Y7QEOZFY3JGQK2DOOXRDZYCHE8
New Housemate,None,category_correct,24426DG67D1XGMFTC93OT2JE8G2F8A
Changed Belief,None,activity_correct,2TUD21O3W5XHDA43KRTK7EPLZJ2AG8
New Family Member,None,category_correct,27VYOCCF0CP5XO47AW9I6YG4WG0TUA
Removed Braces,None,category_correct,2GK8SV7WGKCC8C0H4JU3VHAPXY5R1V
Vision Aid,None,category_correct,2LUYU98JHSTLOU0E7KA9ROBJLDMDPH
New Licence,None,activity_correct,268KCCVLL3CAGU1V2YH4L9NQ11P7X3
Broken Bone,None,category_correct,2JXSW6NG1FS30P2X3761OZSZSWRXJ2
New Child,City hall,category_correct,2WBTUHYW2GTPMIPLKENMA69YZIALQW
Military Service,None,category_correct,25GX7H57DZKPS5JS8M8DV25LFC3B13
Organ Donor,City hall,category_correct,2CFJQ2172Z9938LPCU3VNBU1ADIZRS
New Pet,None,activity_correct,2JJJ85OZIZEHZ1P3EXFQEEWP4FOYAQ
Moved,None,category_correct,2P5EY5COW0LG4QIM406LL6VN1TOW5K
Bought Home,None,category_correct,2UXUFJ51Y7QE1QUCI1SC1TMOMRLDA0
Overcame Illness,None,category_correct,2XIQ7Q67051QX325TBKQL1XMNCSXDM
New School,None,category_correct,2E3LYHVI44OSFB080MEE8SBAWZ53XW
Published,None,category_correct,2GPBAT2D5NQY0WUHI9AGETYMU6S737
New Language,None,category_correct,224WY2AOO2GMZ5V2GPHSLM6IH4W443
Expecting a Baby,None,category_correct,2N52AC9KSSZVAOH4WELUTQOYNHDJ1X
Tattoo or Piercing,None,activity_correct,2BDY58B727M0V7UY9MS67FSVMYQAVX
Weight Loss,Grocery or supermarket,category_correct,2DFAB6BFMFFOBPX7T2AFMGESJULWJ8
Loss of Loved One,None,category_correct,28X8B727M0IGSBWRTFPF1VF42CGXCM
Volunteer Work,Grocery or supermarket,Car repair,Church,Convenience store,category_correct,2I0MQU6L5OBVP9G5P6VARJF7NOVEXY
Registered To Vote,City hall,activity_correct,2I6R9Y8TNKIMCJ1JCO8SBOM0WAOV8C
New Sport,Bowling alley,category_correct,2790JPPSI2KYRG06HGWKUM6WQXHJPZ
Study Abroad,None,category_correct,2J0D8J3VE7WS5K2C4PUMLK8A0WPZJ1
Marriage,City hall,Church,category_correct,20WJ3NAB6BFMS63CQRK12JFDN8KGTW
New Vehicle,Finance,Car repair,activity_correct,2X9MVHVKCJ01EBHLWSY9TQW682H57T
Achievement or Award,Finance,Bowling alley,City hall,Church,activity_correct,2W2ZHHRRLFQ01E29JQSKQO9ENL3FOA
Home Improvement,Locksmith,Electrician,category_correct,2UO4ZMAZHHRRY65EGWEV0H1KOI2KBE
New Housemate,None,category_correct,2X5WIOV1S7SNG48UMAUYMZ8NFLQKZM
Changed Belief,None,activity_correct,2RSJPPSI2KYE2C73ZEBLV6WJAI5KQS
New Family Member,None,category_correct,2C9ECWA6X3YOP3UE4YWK6PTIUCBMNA
Removed Braces,Dentist,category_correct,2UHFE4EGDHDMFW0MAIEZ56HE60JAKB
Vision Aid,None,category_correct,26UDIPDOBDDPLGYAC34DHXMBAKXB00
New Licence,None,activity_correct,28SLWSBRI8IUOTD81HAH1TLBAFTE2M
Broken Bone,None,category_correct,2ABG5TYMNCWYOVOT11JSQX11QIGJN3
New Child,None,category_correct,2IEQU6L5OBVCVS6BPD1ISF7G1V4YF6
Military Service,None,category_correct,26R9RNDWIOV15Y71VMKG313YKT1GVD
Organ Donor,None,category_correct,26B5OPB0YVGZLP1A3G5PIU3191P7Z2
New Pet,None,activity_correct,2XXF3Q0JG5TYZERAQKV9O9SSZBQEIX
Moved,Real estate agency,category_correct,2JZ46OQ1SNQQKHLLSESQTCNR8WNP5K
Bought Home,Real estate agency,category_correct,25I8H88MQU6LIFQ94RSR6X4APD7ATE
Overcame Illness,None,category_correct,2NE25L8I9NZWJ8TDYX54ZW7TF01TJD
New School,None,category_correct,2TCM05BMJTUHBNHULY0RJ7S53GVFKS
Published,Book store,Library,activity_correct,2BANMHGYQ4J301QK3ODFOOYYPNT9MX
New Language,Book store,activity_correct,28FJ92NJKM05ODY7MQPWBGTPGL59EB
Expecting a Baby,Book store,Real estate agency,Movie theater,Library,Bar,Funeral home,Gas station,Department store,Stadium,Mosque,Meal delivery,Furniture store,category_correct,2XB92NJKM05BZA8897N2PTP9Y40AF7
Tattoo or Piercing,Department store,activity_correct,2DQOCCF0CP5KAG8WFR9X7G4PT1EUVP
Weight Loss,None,category_correct,2VHHIT3HVWAVX9LGFSH2A72ZG3KLDQ
Loss of Loved One,Funeral home,activity_correct,2BLHV8ER9Y8T0BX0R1D5TFHS9IE4RK
Volunteer Work,Library,Mosque,activity_correct,2SDKH1Q6SVQ8UZN0I3XLEOBVJCW2LZ
Registered To Vote,Library,activity_correct,2JPBNVP3TVOKILUXXAP7ZEOZMSK03Y
New Sport,Stadium,activity_correct,2XIY2RCJK63Z85IVJ9BURAQ9QFZ6V2
Study Abroad,None,category_correct,299HRRLFQ0ON0M6VTT8OIEGRI11HQL
Marriage,Mosque,category_correct,2B4STMOFXRDSH9RF674N6JFM8V3RUV
New Vehicle,None,activity_correct,21KQV66RLPHI6UW9OJMKR62NQKTE61
Achievement or Award,Real estate agency,Stadium,activity_correct,247J51Y7QEOZSP56TLJTVOFXY7KFCD
Home Improvement,Real estate agency,Furniture store,category_correct,20K1CSTMOFXRQJJW4A5YMNXJMGWSPQ
New Housemate,None,category_correct,297YQS1CSTMOSO6RKD9CAEYDURBPM8
Changed Belief,None,activity_correct,2YI1SNQQ7Q67DWG4CLERA2TQJVS9T1
New Family Member,None,category_correct,2RN8ER9Y8TNKVDE6EEBFQS2OTUHT67
Removed Braces,None,category_correct,2YP7H57DZKPFRVTU5Q4MB5L8P3I2CJ
Vision Aid,Department store,category_correct,2MFHMVHVKCJ0ESZGZDA7IKQWDV246O
New Licence,Local government office,activity_correct,2RNWAVKI62NJ3TGLU809ZH6BRF6JRS
Broken Bone,Doctor,category_correct,22FTL0XULRGN62YHEV4XEFP7U0X3P9
New Child,None,category_correct,291RNDWIOV1SKJ2H527UA3YD62GWH2
Military Service,Local government office,category_correct,2S1NZW6HEZ6ORV5AZ2Z6IGUM9VUZP0
Organ Donor,Local government office,Doctor,category_correct,2XEHGYQ4J3NAOXQTEO6O7YIT8NDOB3
New Pet,None,activity_correct,2MGK2JE1M7PKX005OFFZJC04STQWP7
Moved,None,category_correct,2M8J2D21O3W5A8FXHYJIBKYEWFME8Q
Bought Home,None,category_correct,211Y8TNKIMZSZWZT91TOV0PG29WAXY
Overcame Illness,Doctor,category_correct,28UAOO2GMMEG1FV4KLD6RAA2Z8E77C
New School,None,category_correct,2M4F0CP5KXPTVEXWP774YM7N50ZXYV
Published,None,category_correct,21Z0G5R98D8JGMTLO1JTWYCGAG5DTK
New Language,None,activity_correct,2O5D2AC9KSSZ8OCGIDWU3KQO5AHI0G
Expecting a Baby,Doctor,category_correct,20SJG5TYMNCWB2JN7IJS1HX18DIIMR
Tattoo or Piercing,Beauty salon,Doctor,activity_correct,2WAKMN9U8P9YGZ8AO6931UYITUDDUC
Weight Loss,Meal takeaway,category_correct,268KCCVLL3CAGU1V2YH4L9NQ11PX7T
Loss of Loved One,None,category_correct,25GX7H57DZKPS5JS8M8DV25LFC2B12
Volunteer Work,Store,Beauty salon,Police,Local government office,Campground,Spa,Doctor,category_correct,2FJ98D8J3VE79J77F73GCMCKF4LHXF
Study Abroad,University,activity_correct,2K36BFMFFOYYVKG7BO4GNSC0YRPYLA
Military Service,None,category_correct,2CBENLVWJ5OPORD988ZYVWB7LJ3T1B
Published,None,category_correct,2Z9IT3HVWAVKVXH1BZT1G2Z9GKBMEM
Vision Aid,Health,category_correct,2P5EY5COW0LG4QIM406LL6VN1TQW5M
Bought Home,Home goods store,category_correct,23D0XULRGNTBWU1056WFY7N69EC5RT
New School,University,category_correct,22RVXX2Q45UUXH3C8W9WANS8VAW9RP
New Housemate,None,category_correct,2T85TYMNCWYBH0UNK1JH611JVHMOKN
New Family Member,None,category_correct,297YQS1CSTMOSO6RKD9CAEYDURCPM9
New Vehicle,None,activity_correct,2NHGFL6VCPWZMI2RORFVAS7SUX6M7Z
New Language,University,activity_correct,2BPERSQV66RL28X7VQMWJVKIDWGB3U
Achievement or Award,University,activity_correct,259VKCJ011K2KVYL1THWF18NB0OA8R
Weight Loss,None,category_correct,2JM8P9Y38TWWA9I6M79M9JTANHZIZ7
New Pet,Store,activity_correct,2S2A2SEIUUU0DF5YCJVIRS8S9OWQQP
Overcame Illness,Pharmacy,category_correct,24M00OQKKA4IVJN6U3T6H0EW76TYY2
Tattoo or Piercing,None,category_correct,2FMFJ51Y7QEOC6D4KA3S2MOF4L7BEM
Loss of Loved One,Funeral home,category_correct,2JZ46OQ1SNQQKHLLSESQTCNR8WMP5J
New Child,None,category_correct,2QLP9RA7S5WMEXOCKX679JMHS4BYTD
Expecting a Baby,Pharmacy,category_correct,2A85R98D8J3VRYB6K2EYLG3MJE2FVE
Changed Belief,None,activity_correct,2DC4F0OHOVR1H9CYGBC9BHEC34Z34G
Broken Bone,Health,category_correct,2SPKO2L92HEC91LBV7FCLF0CWZFFGQ
Registered To Vote,None,activity_correct,2GPBAT2D5NQY0WUHI9AGETYMU6Q735
Removed Braces,None,category_correct,25PX2Q45UUKQ1PV1A5SN18OG7VUBTC
New Licence,None,activity_correct,28I4J3NAB6BFZ6U2Q79TATJFKA8FS9
Marriage,None,category_correct,28XCOW0LGRZ3L36TDLXVWUZWKLU8ZP
Moved,None,category_correct,2KRHHRRLFQ0O0EA59ABHX9EGY52GPU
Home Improvement,Home goods store,category_correct,2ZV6XBAT2D5N3P2J7CH0SG5T5GI51X
New Sport,None,activity_correct,2P64EGDHDM25YZXNF8N6QEZ6V8YCMJ
Organ Donor,Health,category_correct,2UE05BMJTUHY9TV7HIIAGS5WTV0GLV
Volunteer Work,None,activity_correct,2MU6DG67D1X38RUYSLFKBJE1T1L9GT
Study Abroad,Library,category_correct,2GP3YOCCF0CPIBC3LREIRXYGBJFTSU
Military Service,None,category_correct,2QLP9RA7S5WMEXOCKX679JMHS4CTY9
Published,None,category_correct,2CEIKMN9U8P9BUN7O5OICSUYPGUCTK
Vision Aid,None,category_correct,2DO5XH0JPPSIFBDSHUJPG5KLT0RGMY
Bought Home,None,category_correct,24FU8LZ6R70GIIOM5HA34E7WZMNM61
New School,Library,category_correct,28349F9SSSHXESY2F1K5Q5F8QYHXT6
New Housemate,None,activity_correct,2RN8ER9Y8TNKVDE6EEBFQS2OTUK6TN
New Family Member,None,category_correct,239V8ER9Y8TNX91DKVWKOHS2VGU5SG
New Vehicle,None,activity_correct,2MKTMOFXRDS4V3GSQMEXSFM184WVSD
New Language,Library,activity_correct,2I0MQU6L5OBVP9G5P6VARJF7NOUXEG
Achievement or Award,Stadium,activity_correct,2BQ7QEOZFYQSE377EX6X0DS4P6UJGV
Weight Loss,Meal delivery,Food,category_correct,2C8MMEGOOGQSPDLW2JTSNIUU1UVCC2
New Pet,None,activity_correct,2CZ4J79KQW61LEJKM66CM45XJ8NKIO
Overcame Illness,None,category_correct,2M1KSSZVXX2QHW98CZFYPNIW8HN5N5
Tattoo or Piercing,None,activity_correct,2598MZ9O9Z6K9VE0288H0RLFXUK1A0
Loss of Loved One,None,category_correct,2QHGSNTL0XUL47273SUMVDX5MJ10ME
New Child,None,category_correct,2ABPPSI2KYEPYJ4LXTCMFWJ3V4BRL2
Expecting a Baby,None,activity_correct,2M8W40SPW1INZ8VCIDA3WAB6I9G1ET
Changed Belief,Library,activity_correct,2BI6SVQ8H88M3LLZXX2VLI1R4RZ6PI
Broken Bone,Stadium,category_correct,20SONNVRH1KH10TUJKY6WV9LRQ0OXB
Registered To Vote,None,activity_correct,2OWBLYHVI44O5TZZMH4NNZSBHJZ2WR
Removed Braces,Dentist,category_correct,2Z1746OQ1SNQ3Y5KZ9W1ZKCNYVVO4W
New Licence,None,category_correct,2W6ZZ2MIKMN97Z4NQCZT5WXIAMN8P4
Marriage,None,category_correct,27J24SMEZZ2MVB1113ZPIY380QPK3N
Moved,None,category_correct,2UIW618N46UXS3SIX63E2NDSUNDQOG
Home Improvement,None,category_correct,21FDWIOV1S7S0US783S37DZ8U2LJYU
New Sport,Bowling alley,Stadium,activity_correct,27CNQY2RCJK6GQASVQI0TUIAX3D4TZ
Organ Donor,Dentist,Insurance agency,Library,category_correct,2VR6R70G5R98QZYHNNYW1STN56AAQ2
Volunteer Work,Hospital,category_correct,209M8JIA0RYNW0H1BTD0EBMJ0OC50U
Study Abroad,Embassy,activity_correct,2V12HECWA6X3BFRQ793PEKXP0CIKL3
Military Service,Embassy,category_correct,2RNKCJ011K27HAMNCZN6A8N4DOS9BB
Published,None,category_correct,2B4STMOFXRDSH9RF674N6JFM8V2URX
Vision Aid,Hospital,category_correct,21KQV66RLPHI6UW9OJMKR62NQKW6EW
Bought Home,Real estate agency,category_correct,2JQ8TNKIMZSMIBUVKBFM9PGVMXCYBO
New School,School,category_correct,2ABPPSI2KYEPYJ4LXTCMFWJ3V4ALRV
New Housemate,None,activity_correct,28URCJK63ZVEG86EC39AZ9JLCLWX8H
New Family Member,Hospital,category_correct,2OJILKH1Q6SV3ZWM0VHUFL5OIP6J0T
New Vehicle,None,category_correct,2598MZ9O9Z6K9VE0288H0RLFXUJA18
New Language,School,activity_correct,2RGVR14IXKO2Y0HV6LNAFX3YV66A9G
Achievement or Award,School,activity_correct,2YVW5XH0JPPSVTZC6YCSY75KSG1FLW
Weight Loss,Gym,category_correct,2XLL0XULRGNTOAI0EMO5OP7NDWF4QM
New Pet,None,activity_correct,28M98JHSTLB3YRUPBI9OKJEJY8OFRK
Overcame Illness,Hospital,category_correct,2X5WIOV1S7SNG48UMAUYMZ8NFLPKZL
Tattoo or Piercing,Hospital,activity_correct,2V12HECWA6X3BFRQ793PEKXP0CGLK2
Loss of Loved One,Hospital,category_correct,2VOSBRI8IUB2BLOMBQJTUB3L7974GS
New Child,Hospital,category_correct,2QGOGQSCM6IANT7SA3LU90OQRE4HHO
Expecting a Baby,Hospital,activity_correct,2TEJUNU8LZ6RKRVJJIZDHJ3VL1RJ3P
Changed Belief,None,category_correct,2R08MQU6L5OB83XFJ6O4JIJFEAODWB
Broken Bone,Hospital,category_correct,2U4J011K274JK0Z4OFS8W46U496BDT
Registered To Vote,Courthouse,activity_correct,27CO2L92HECWNXCHQX3CO0CPCERGHO
Removed Braces,None,category_correct,2QLP9RA7S5WMEXOCKX679JMHS4CYTE
New Licence,School,Courthouse,activity_correct,2DQOCCF0CP5KAG8WFR9X7G4PT1IVUU
Marriage,Courthouse,category_correct,2N6Y5COW0LGRCUNQJOCCFVNU6Q86X6
Moved,Real estate agency,Moving company,category_correct,20V9Z0B6UTO66VT9K2MRTGPWZQZOZ9
Home Improvement,None,category_correct,25EEC1PC6SK94ANJG89ZNHMAHJFO0G
New Sport,Gym,activity_correct,29PR24SMEZZ2Z9Z0FIL8Y9Y3FNR2JX
Organ Donor,School,Embassy,Hospital,Courthouse,category_correct,2E1F9SSSHX11WF26LE85O8J4VJVZVL
Volunteer Work,Place of worship,Physiotherapist,category_correct,2FMUKQOYGNIWEE7MGPR197SVN4LZHW
Study Abroad,Place of worship,category_correct,2AGHOVR14IXK1T0NUQ5C5A6XASI78X
Military Service,None,category_correct,2IDZ6R70G5R9L4NXV4575SSTUS69PV
Published,None,category_correct,2UE05BMJTUHY9TV7HIIAGS5WTVZGLU
Vision Aid,None,category_correct,2T0EBDPGFL6VPGBD10ED5IOV8M13IW
Bought Home,None,category_correct,2ME6IAA2SEIU7LFEGZBKJ4IIZ2NNND
New School,None,category_correct,20SJG5TYMNCWB2JN7IJS1HX18DIMIV
New Housemate,None,category_correct,2K22SEIUUU001HZY2D9I18S21W0RRS
New Family Member,None,category_correct,27ZH57DZKPFEH5VR9MD2EL8IGHTD34
New Vehicle,None,category_correct,21A8IUB2YU98W877DKUL9FBJGCIK8G
New Language,None,activity_correct,2R6CWA6X3YOCP6FQHEBXYTINPCSNOS
Achievement or Award,Place of worship,activity_correct,20H6AUC26DG6K4GBV4RFT0CORWF4BB
Weight Loss,None,category_correct,2R9RRLFQ0ONN8IWFCQF9NGRBE0HRIO
New Pet,None,activity_correct,2BTK274J79KQ9XGMFDXU6FCDBZRHFQ
New Sport,Park,activity_correct,2EXUUKQOYGNI9S260X70A07S2A4GYN
Organ Donor,Post office,category_correct,2JCQW618N46UA6RRWEOCNTNDZHMPN9
Changed Belief,Church,activity_correct,2PC0COK2JE1MKGZY1UIWFOZAJUYMTC
Study Abroad,None,category_correct,2GMXFCD45XCE6ES6F2BIW3TGWYVYW5
Bought Home,None,category_correct,2N9JHP4BDDKGHPN5K60XCG35EQ4Z6U
New Family Member,None,category_correct,20YSVQ8H88MQ7X0JGKMCR1RX4Y5Q7S
Registered To Vote,City hall,activity_correct,2VQHVI44OS2KYLNRFNQSKAP5IVTZ5E
Loss of Loved One,Church,Cemetery,category_correct,2ZBWKUDD8XMBGHINR9263TO60Y9NCV
Tattoo or Piercing,None,activity_correct,2KGO2GMMEGOOTH7QEF9AJ2SEPOP991
Expecting a Baby,None,category_correct,2VSXULRGNTBJGD1RPE6PGN62RB5S6J
Marriage,City hall,category_correct,2YG2GMMEGOOG3JR0YR1ABSEI1OPAAW
Moved,None,category_correct,2EXUUKQOYGNI9S260X70A07S2A4YG5
New Sport,Church,Cemetery,Amusement park,activity_correct,2E6GDHDM25L8V02DOF8E86OEBKROE4
Overcame Illness,None,category_correct,2C2OO2GMMEGO17564VXIJA2SLCO88L
Military Service,None,category_correct,2JM8P9Y38TWWA9I6M79M9JTANH0IZ8
Organ Donor,City hall,activity_correct,25ZWGKCCVLL3P1IHEQ1PZ4C9UKO5VL
New Language,None,activity_correct,2OJSQV66RLPHVKIVN51VTI62UDLD5V
New Pet,None,activity_correct,2GT8N46UXFCDHWCQ62ED1NTKPHWRT4
Volunteer Work,Church,City hall,Meal delivery,category_correct,2W6C1PC6SK9RWZK2RRQEQMAAWGJ1PF
Achievement or Award,None,activity_correct,29NXX2Q45UUK3FDUFRN1WS8ONUVSA9
Broken Bone,None,category_correct,2QO40SPW1INMU7D4WSUNJB6BMGAF27
New Housemate,None,category_correct,27EB3Q39Z0B67K3KLD5V1TVRRAKKVM
Home Improvement,,category_correct,2WF9U8P9Y38T9NCWV1LYRM0J04AGXH
Removed Braces,None,category_correct,2GGQ1SNQQ7Q6KRKFIT3N012TX6V8SL
New Child,City hall,category_correct,2O41PC6SK9RJLW3DA85HVAAPTIJQ2C
New Vehicle,None,category_correct,2Y91XERSQV664C4VA2UH4WAVRC091R
Published,None,category_correct,21DFQ0ONNVRHEBW21N7RK76N23FLU0
Vision Aid,None,category_correct,2BIP6AUC26DGJYSFPCM0OK0CVEXA30
New School,None,category_correct,2E6GDHDM25L8V02DOF8E86OEBKQOE3
New Licence,None,category_correct,2X2B6BFMFFOYB98FLS6DPESC7LRKXO
Weight Loss,None,category_correct,2Z7E4EGDHDM2ICNW1WQWFHEZDI9LBK
Changed Belief,None,activity_correct,29CPFE4EGDHDZTKZ0R0N8W6HLT19JW
Study Abroad,Lodging,School,activity_correct,2T0EBDPGFL6VPGBD10ED5IOV8M1I3B
Bought Home,None,category_correct,2R5M25L8I9NZ9XWSRFFEDQW702ZIS2
New Family Member,None,category_correct,2PD6VCPWZ9RNQNX2NAJ71N3D0AOAPB
Registered To Vote,Courthouse,activity_correct,2O41PC6SK9RJLW3DA85HVAAPTIJ2QO
Loss of Loved One,Police,Courthouse,Health,category_correct,2PB51Y7QEOZFBH7F41KMXFXRKMZGDG
Tattoo or Piercing,Health,activity_correct,2CBE1M7PKK9L4NL2RJ30DLZXWF2SZA
Expecting a Baby,Lodging,Health,category_correct,2E3LYHVI44OSFB080MEE8SBAWZ63XX
Marriage,Establishment,Courthouse,category_correct,2TX1Y7QEOZFY3JGQK2DOOXRDZYCEH5
Moved,Lodging,category_correct,21T4IXKO2L92U5RA2FO37OCCMU7DC3
New Sport,Campground,School,category_correct,2SL3HVWAVKI6FEY4UAY2899QO06GOD
Overcame Illness,Health,category_correct,2C8TP9RA7S5WZSLNQ1FFG0JMOF5SXE
Military Service,Police,Courthouse,category_correct,2LEJTUHYW2GT206OZ1WWV1695MJKP1
Organ Donor,Establishment,Health,School,category_correct,2SFMHGYQ4J3NN2LP7V6FXYYI0VOANG
New Language,School,activity_correct,2JUNJKM05BMJ6LWCOB7TY9RAEMYHCE
New Pet,None,activity_correct,2JXSW6NG1FS30P2X3761OZSZSWQJXN
Volunteer Work,School,category_correct,2O3DPGFL6VCP9QO5FMNIXV1SEMI5K0
Achievement or Award,School,activity_correct,2ZHSI2KYEPLS2YKYDVXWS3OAOK9NTE
Broken Bone,Health,category_correct,2M7806UFBNFS879Z7C051W6NNVA2GT
New Housemate,None,category_correct,2NUAC9KSSZVXAT5IX3LKZOYGUCQ2KV
Home Improvement,Establishment,Department store,Store,category_correct,2WGFXRDS4IC1RPS1PS6MA1A2PPSVYR
Removed Braces,Health,category_correct,2QMLF395SW6NTSU6VWPNSBYF89SSE3
New Child,Health,category_correct,2BG3W5XH0JPP59HYQNGL1P75RFHKEG
New Vehicle,Store,category_correct,2HIEOZFYQS1C5K1276ID14IC88SILP
Published,Establishment,School,category_correct,26W0SPW1INMHTP5IBCEAK6BFT99G3H
Vision Aid,Health,category_correct,20WJ3NAB6BFMS63CQRK12JFDN8MGTY
New School,School,category_correct,2CXL8I9NZW6HRQL26DHWGT86GAPVL0
New Licence,Courthouse,School,activity_correct,262VKI62NJQ2EYHD1IHHFBKLJP9LTA
Weight Loss,None,category_correct,2QFTBJ3MMDX5SGM1YBBHK9MD4IDYCW
Changed Belief,Synagogue,Hindu temple,activity_correct,2QEMEGOOGQSCZXXO2BJERUUU7UIDD2
Study Abroad,None,category_correct,2RJRLFQ0ONNV48GY9X0EPRB7DHOJSF
Bought Home,Bank,category_correct,2LEJTUHYW2GT206OZ1WWV1695MIKP0
New Family Member,None,category_correct,2A4OK2JE1M7PXBOZJ5XO8AC0BFUVOH
Registered To Vote,None,activity_correct,25H3TVOK5UFJISDLINFZOYQS86N74R
Loss of Loved One,Synagogue,Hindu temple,category_correct,2AGUQIHPCGJ2QTG2V5WXQ0JPWME71F
Tattoo or Piercing,None,activity_correct,2YUGMMEGOOGQ531KAJ121EIU1OUBBM
Expecting a Baby,None,category_correct,2CB1LY58B727ZRXU7T8DA6YFZPAT8W
Marriage,Bank,Dentist,Night club,Locksmith,Beauty salon,Spa,Synagogue,Painter,Shopping mall,Bowling alley,Grocery or supermarket,Hindu temple,activity_correct,2W9GYQ4J3NABJ2U07OFY7IT10DACPG
Moved,None,category_correct,2V7Q0ONNVRH1X83N6PIBG6NVGFEVM1
New Sport,None,activity_correct,2CQU98JHSTLBGCFT3S0IXBJEQL8QED
Overcame Illness,Dentist,category_correct,2C9ECWA6X3YOP3UE4YWK6PTIUCCMNB
Military Service,None,category_correct,21QNJ92NJKM0I21XL38Y52GTW3MD8X
Organ Donor,None,category_correct,2ABG5TYMNCWYOVOT11JSQX11QIHJN4
New Language,None,activity_correct,2Y3DDP8PJWKUQ4NBEKUQC9Z0I0P6HD
New Pet,None,activity_correct,2M4F0CP5KXPTVEXWP774YM7N500YXX
Volunteer Work,Synagogue,Hindu temple,category_correct,2E70OHOVR14IAB3GDITHNCWADRY65W
Achievement or Award,Painter,Bowling alley,Hindu temple,activity_correct,268KCCVLL3CAGU1V2YH4L9NQ11R7X5
Broken Bone,None,category_correct,2QXR98D8J3VEKN76LWPCP3MCR24GWO
New Housemate,None,activity_correct,249YW2GTP9RAKJKAEAX97SOFEUETOZ
Home Improvement,Painter,category_correct,2SPKO2L92HEC91LBV7FCLF0CWZFGFR
Removed Braces,Dentist,category_correct,2BKNQQ7Q6705EHZQF0S22QC14GABVS
New Child,None,category_correct,291O9Z6KW4ZMNQWVJ0CFZ0ONUPM5EG
New Vehicle,Bank,category_correct,2LUYU98JHSTLOU0E7KA9ROBJLDKPDR
Published,None,category_correct,2N0XMB3Q39Z0OX97GFK4NVST2LEITS
Vision Aid,None,category_correct,2N9DM25L8I9NCNLV68XON4QWEN2RHV
New School,None,category_correct,2N52AC9KSSZVAOH4WELUTQOYNHBJ1V
New Licence,None,category_correct,22N7WGKCCVLLG3PHVV8AYQ4CGHKU4G
Weight Loss,,category_correct,2ZKI2KYEPLSPKWZZEFNJCOAHX8JOUJ
Changed Belief,None,activity_correct,224GW40SPW1I0DWUQZVJCNABD5AD0A
Study Abroad,None,category_correct,2RN8ER9Y8TNKVDE6EEBFQS2OTUL6TO
Bought Home,Real estate agency,category_correct,2EAXKO2L92HEPNPKPCPOLCF0JJYEF6
New Family Member,None,category_correct,2QHGSNTL0XUL47273SUMVDX5MJ1M00
Registered To Vote,None,activity_correct,2XB92NJKM05BZA8897N2PTP9Y42FAE
Loss of Loved One,None,category_correct,25OJ5OPB0YVGCZD0OKYEY9U38W26YC
Tattoo or Piercing,None,activity_correct,2YP7H57DZKPFRVTU5Q4MB5L8P3H2CI
Expecting a Baby,None,category_correct,211Y8TNKIMZSZWZT91TOV0PG29XXAM
Marriage,None,category_correct,21JLFQ0ONNVRUSZVGI5G0B76UP4TKF
Moved,Train station,Moving company,activity_correct,2CKEIUUU00OQXBPIARJ812U2D2VTTL
New Sport,Stadium,category_correct,24VK4F0OHOVREVXBCXTLI2HEJQ432L
Published,Library,activity_correct,28I4J3NAB6BFZ6U2Q79TATJFKA7SFL
Vision Aid,None,category_correct,2PB51Y7QEOZFBH7F41KMXFXRKMZDGD
New School,None,category_correct,2BLHV8ER9Y8T0BX0R1D5TFHS9IHR4A
New Licence,None,activity_correct,2CKEIUUU00OQXBPIARJ812U2D2UTTK
Weight Loss,None,category_correct,2NXNQYN5F3Q0W7K7QVEC5YB4G949DI
Changed Belief,None,activity_correct,2QKNTL0XULRG0KQXVVDD65FPEH0O21
Study Abroad,Embassy,activity_correct,2XIYN5F3Q0JGIKD0FLNYK49FGMMBF4
Bought Home,Finance,category_correct,214JK63ZVE3H4RZ8AJH9SL5RA9VZAL
New Family Member,None,category_correct,25J14IXKO2L9F8TQOJXXCYOCJ9UBCT
Registered To Vote,None,activity_correct,2RAT3HVWAVKIJT2XIBS7BZ99XB1FNY
Loss of Loved One,None,category_correct,24DF395SW6NGE67HF7EJKYF1MTMTFC
Tattoo or Piercing,None,category_correct,2XXF3Q0JG5TYZERAQKV9O9SSZBSIE3
Expecting a Baby,None,category_correct,27MLRGNTBJ3MZ4CJ7YYNF2KHI3G8U1
Marriage,None,category_correct,2Y1Z6KW4ZMAZU865DOH0XNNVYBW7GE
Moved,None,category_correct,2WBUNU8LZ6R7D7K51H48S3VEEQLK48
New Sport,None,activity_correct,2KL2D5NQYN5FGHFX8EKYVNCW55Z6A2
Overcame Illness,Physiotherapist,category_correct,2X9MVHVKCJ01EBHLWSY9TQW682I57U
Military Service,Embassy,category_correct,2UHEIB9BAWLSZO44X4OUM3MTYL42ZI
Organ Donor,None,activity_correct,2Y7XRDS4IC1EB42BBOD1AA2I2SYZWW
New Language,None,activity_correct,2C55NQYN5F3QDAVJL7DNLWYBB398CR
New Pet,None,activity_correct,28I4J3NAB6BFZ6U2Q79TATJFKA8SFM
Volunteer Work,None,category_correct,299HRRLFQ0ON0M6VTT8OIEGRI11QHU
Achievement or Award,None,activity_correct,2RQ5PQJQ9OPLYORLMVIXP8KCVTEY01
Broken Bone,Physiotherapist,category_correct,2GJ70G5R98D8WUASZ5JS2NYCNXFSCA
New Housemate,None,category_correct,22KZVXX2Q45U7B52QPEI51NSFIBQ8F
Home Improvement,None,category_correct,240LZ6R70G5RMZSMBCMEGWSS0HSO84
Removed Braces,None,category_correct,22A2KYEPLSP7IB00Y5A3XAHQLKPVPX
New Child,None,category_correct,2NE25L8I9NZWJ8TDYX54ZW7TF03JT5
New Vehicle,None,activity_correct,245D8XMB3Q39CRQKM2F624EVZNPGRL
Published,Museum,category_correct,20SONNVRH1KH10TUJKY6WV9LRQ1XOL
Vision Aid,None,category_correct,2P5EY5COW0LG4QIM406LL6VN1TQ5WV
New School,Embassy,category_correct,28XCOW0LGRZ3L36TDLXVWUZWKLVZ8H
New Licence,None,category_correct,2F3MJTUHYW2G6GO52GJ55M16GSMOJO
Weight Loss,None,category_correct,2AGNNVRH1KHOM5V53GXN49LK31RYP9
